---- NMDL
INSERT INTO meta_model (id, name, author, version) VALUES ('nmdl', 'NMDL', 'Marcus Grum', 43);

-- NMDL.nodes
INSERT INTO graphic (id, meta_model, shape, path, type) VALUES ('nmdl.nodes.ar_template', 'nmdl', 'AR template', 'nmdl/nodes/AR_template', 'n');
INSERT INTO graphic (id, meta_model, shape, path, type) VALUES ('nmdl.nodes.activation', 'nmdl', 'Activation', 'nmdl/nodes/activation', 'n');
INSERT INTO graphic (id, meta_model, shape, path, type) VALUES ('nmdl.nodes.activation_function', 'nmdl', 'Activation function', 'nmdl/nodes/activation_function', 'n');
INSERT INTO graphic (id, meta_model, shape, path, type) VALUES ('nmdl.nodes.activity', 'nmdl', 'Activity', 'nmdl/nodes/activity', 'n');
INSERT INTO graphic (id, meta_model, shape, path, type) VALUES ('nmdl.nodes.activity_requirement', 'nmdl', 'Activity requirement', 'nmdl/nodes/activity_requirement', 'n');
INSERT INTO graphic (id, meta_model, shape, path, type) VALUES ('nmdl.nodes.aggregation_function', 'nmdl', 'Aggregation function', 'nmdl/nodes/aggregation_function', 'n');
INSERT INTO graphic (id, meta_model, shape, path, type) VALUES ('nmdl.nodes.and', 'nmdl', 'And', 'nmdl/nodes/and', 'n');
INSERT INTO graphic (id, meta_model, shape, path, type) VALUES ('nmdl.nodes.and_white', 'nmdl', 'And setting', 'nmdl/nodes/and_white', 'n');
INSERT INTO graphic (id, meta_model, shape, path, type) VALUES ('nmdl.nodes.arousal_threshold', 'nmdl', 'Arousal threshold', 'nmdl/nodes/arousal_threshold', 'n');
INSERT INTO graphic (id, meta_model, shape, path, type) VALUES ('nmdl.nodes.axon_hill', 'nmdl', 'Axon hill', 'nmdl/nodes/axon_hill', 'n');
INSERT INTO graphic (id, meta_model, shape, path, type) VALUES ('nmdl.nodes.boolean', 'nmdl', 'Complex Boolean', 'nmdl/nodes/boolean', 'n');
INSERT INTO graphic (id, meta_model, shape, path, type) VALUES ('nmdl.nodes.boolean_white', 'nmdl', 'Complex Boolean setting', 'nmdl/nodes/boolean_white', 'n');
INSERT INTO graphic (id, meta_model, shape, path, type) VALUES ('nmdl.nodes.conversion_method', 'nmdl', 'Conversion method', 'nmdl/nodes/conversion_method', 'n');
INSERT INTO graphic (id, meta_model, shape, path, type) VALUES ('nmdl.nodes.cyber_physical_system', 'nmdl', 'Cyber physical system', 'nmdl/nodes/cyber_physical_system', 'n');
INSERT INTO graphic (id, meta_model, shape, path, type) VALUES ('nmdl.nodes.cyber_physical_system_white', 'nmdl', 'Cyber physical system setting', 'nmdl/nodes/cyber_physical_system_white', 'n');
INSERT INTO graphic (id, meta_model, shape, path, type) VALUES ('nmdl.nodes.data_object', 'nmdl', 'Data / information object', 'nmdl/nodes/data_object', 'n');
INSERT INTO graphic (id, meta_model, shape, path, type) VALUES ('nmdl.nodes.data_object_white', 'nmdl', 'Data / information object setting', 'nmdl/nodes/data_object_white', 'n');
INSERT INTO graphic (id, meta_model, shape, path, type) VALUES ('nmdl.nodes.data_set', 'nmdl', 'Data set', 'nmdl/nodes/data_set', 'n');
INSERT INTO graphic (id, meta_model, shape, path, type) VALUES ('nmdl.nodes.data_strategy', 'nmdl', 'Data strategy', 'nmdl/nodes/data_strategy', 'n');
INSERT INTO graphic (id, meta_model, shape, path, type) VALUES ('nmdl.nodes.dendrite', 'nmdl', 'Dendrite', 'nmdl/nodes/dendrite', 'n');
INSERT INTO graphic (id, meta_model, shape, path, type) VALUES ('nmdl.nodes.event', 'nmdl', 'Event', 'nmdl/nodes/event', 'n');
INSERT INTO graphic (id, meta_model, shape, path, type) VALUES ('nmdl.nodes.event_white', 'nmdl', 'Event setting', 'nmdl/nodes/event_white', 'n');
INSERT INTO graphic (id, meta_model, shape, path, type) VALUES ('nmdl.nodes.explicit_knowledge_object', 'nmdl', 'Explicit knowledge object', 'nmdl/nodes/explicit_knowledge_object', 'n');
INSERT INTO graphic (id, meta_model, shape, path, type) VALUES ('nmdl.nodes.function', 'nmdl', 'Function', 'nmdl/nodes/function', 'n');
INSERT INTO graphic (id, meta_model, shape, path, type) VALUES ('nmdl.nodes.information_system', 'nmdl', 'Information system', 'nmdl/nodes/information_system', 'n');
INSERT INTO graphic (id, meta_model, shape, path, type) VALUES ('nmdl.nodes.information_system_white', 'nmdl', 'Information system setting', 'nmdl/nodes/information_system_white', 'n');
INSERT INTO graphic (id, meta_model, shape, path, type) VALUES ('nmdl.nodes.initialization_strategy', 'nmdl', 'Initialization strategy', 'nmdl/nodes/initialization_strategy', 'n');
INSERT INTO graphic (id, meta_model, shape, path, type) VALUES ('nmdl.nodes.learning_strategy', 'nmdl', 'Learning strategy', 'nmdl/nodes/learning_strategy', 'n');
INSERT INTO graphic (id, meta_model, shape, path, type) VALUES ('nmdl.nodes.listener', 'nmdl', 'Listener', 'nmdl/nodes/listener', 'n');
INSERT INTO graphic (id, meta_model, shape, path, type) VALUES ('nmdl.nodes.machine', 'nmdl', 'Machine', 'nmdl/nodes/machine', 'n');
INSERT INTO graphic (id, meta_model, shape, path, type) VALUES ('nmdl.nodes.machine_white', 'nmdl', 'Machine setting', 'nmdl/nodes/machine_white', 'n');
INSERT INTO graphic (id, meta_model, shape, path, type) VALUES ('nmdl.nodes.mixed_knowledge_object', 'nmdl', 'Mixed knowledge object', 'nmdl/nodes/mixed_knowledge_object', 'n');
INSERT INTO graphic (id, meta_model, shape, path, type) VALUES ('nmdl.nodes.moment_border', 'nmdl', 'Moment border', 'nmdl/nodes/moment_border', 'n');
INSERT INTO graphic (id, meta_model, shape, path, type) VALUES ('nmdl.nodes.nerve_fibre', 'nmdl', 'Nerve fibre', 'nmdl/nodes/nerve_fibre', 'n');
INSERT INTO graphic (id, meta_model, shape, path, type) VALUES ('nmdl.nodes.network', 'nmdl', 'Network', 'nmdl/nodes/network', 'n');
INSERT INTO graphic (id, meta_model, shape, path, type) VALUES ('nmdl.nodes.network_interface', 'nmdl', 'Network interface', 'nmdl/nodes/network_interface', 'n');
INSERT INTO graphic (id, meta_model, shape, path, type) VALUES ('nmdl.nodes.network_setting', 'nmdl', 'Network setting', 'nmdl/nodes/network_setting', 'n');
INSERT INTO graphic (id, meta_model, shape, path, type) VALUES ('nmdl.nodes.neuron', 'nmdl', 'Neuron', 'nmdl/nodes/neuron', 'n');
INSERT INTO graphic (id, meta_model, shape, path, type) VALUES ('nmdl.nodes.neuronal_performance', 'nmdl', 'Neuronal performance', 'nmdl/nodes/neuronal_performance', 'n');
INSERT INTO graphic (id, meta_model, shape, path, type) VALUES ('nmdl.nodes.non_tangible_resource_object', 'nmdl', 'Non tangible resource object', 'nmdl/nodes/non_tangible_resource_object', 'n');
INSERT INTO graphic (id, meta_model, shape, path, type) VALUES ('nmdl.nodes.non_tangible_resource_object_white', 'nmdl', 'Non tangible resource object setting', 'nmdl/nodes/non_tangible_resource_object_white', 'n');
INSERT INTO graphic (id, meta_model, shape, path, type) VALUES ('nmdl.nodes.not', 'nmdl', 'Not', 'nmdl/nodes/not', 'n');
INSERT INTO graphic (id, meta_model, shape, path, type) VALUES ('nmdl.nodes.not_white', 'nmdl', 'Not setting', 'nmdl/nodes/not_white', 'n');
INSERT INTO graphic (id, meta_model, shape, path, type) VALUES ('nmdl.nodes.or', 'nmdl', 'Or', 'nmdl/nodes/or', 'n');
INSERT INTO graphic (id, meta_model, shape, path, type) VALUES ('nmdl.nodes.or_white', 'nmdl', 'Or setting', 'nmdl/nodes/or_white', 'n');
INSERT INTO graphic (id, meta_model, shape, path, type) VALUES ('nmdl.nodes.participant_requirement', 'nmdl', 'Participant requirement', 'nmdl/nodes/participant_requirement', 'n');
INSERT INTO graphic (id, meta_model, shape, path, type) VALUES ('nmdl.nodes.participant_requirement_white', 'nmdl', 'Participant requirement setting', 'nmdl/nodes/participant_requirement_white', 'n');
INSERT INTO graphic (id, meta_model, shape, path, type) VALUES ('nmdl.nodes.people', 'nmdl', 'People', 'nmdl/nodes/people', 'n');
INSERT INTO graphic (id, meta_model, shape, path, type) VALUES ('nmdl.nodes.people_white', 'nmdl', 'People setting', 'nmdl/nodes/people_white', 'n');
INSERT INTO graphic (id, meta_model, shape, path, type) VALUES ('nmdl.nodes.process', 'nmdl', 'Process', 'nmdl/nodes/process', 'n');
INSERT INTO graphic (id, meta_model, shape, path, type) VALUES ('nmdl.nodes.process_interface', 'nmdl', 'Process interface', 'nmdl/nodes/process_interface', 'n');
INSERT INTO graphic (id, meta_model, shape, path, type) VALUES ('nmdl.nodes.process_setting', 'nmdl', 'Process setting', 'nmdl/nodes/process_setting', 'n');
INSERT INTO graphic (id, meta_model, shape, path, type) VALUES ('nmdl.nodes.role', 'nmdl', 'Role', 'nmdl/nodes/role', 'n');
INSERT INTO graphic (id, meta_model, shape, path, type) VALUES ('nmdl.nodes.role_white', 'nmdl', 'Role setting', 'nmdl/nodes/role_white', 'n');
INSERT INTO graphic (id, meta_model, shape, path, type) VALUES ('nmdl.nodes.scenario', 'nmdl', 'Scenario', 'nmdl/nodes/scenario', 'n');
INSERT INTO graphic (id, meta_model, shape, path, type) VALUES ('nmdl.nodes.scenario_interface', 'nmdl', 'Scenario interface', 'nmdl/nodes/scenario_interface', 'n');
INSERT INTO graphic (id, meta_model, shape, path, type) VALUES ('nmdl.nodes.sequence_border', 'nmdl', 'Sequence border', 'nmdl/nodes/sequence_border', 'n');
INSERT INTO graphic (id, meta_model, shape, path, type) VALUES ('nmdl.nodes.stopping_strategy', 'nmdl', 'Stopping strategy', 'nmdl/nodes/stopping_strategy', 'n');
INSERT INTO graphic (id, meta_model, shape, path, type) VALUES ('nmdl.nodes.synapse', 'nmdl', 'Synapse', 'nmdl/nodes/synapse', 'n');
INSERT INTO graphic (id, meta_model, shape, path, type) VALUES ('nmdl.nodes.system_border', 'nmdl', 'System border', 'nmdl/nodes/system_border', 'n');
INSERT INTO graphic (id, meta_model, shape, path, type) VALUES ('nmdl.nodes.tacit_knowledge_object', 'nmdl', 'Tacit knowledge object', 'nmdl/nodes/tacit_knowledge_object', 'n');
INSERT INTO graphic (id, meta_model, shape, path, type) VALUES ('nmdl.nodes.tangible_resource_object', 'nmdl', 'Tangible resource object', 'nmdl/nodes/tangible_resource_object', 'n');
INSERT INTO graphic (id, meta_model, shape, path, type) VALUES ('nmdl.nodes.tangible_resource_object_white', 'nmdl', 'Tangible resource object setting', 'nmdl/nodes/tangible_resource_object_white', 'n');
INSERT INTO graphic (id, meta_model, shape, path, type) VALUES ('nmdl.nodes.task', 'nmdl', 'Task', 'nmdl/nodes/task', 'n');
INSERT INTO graphic (id, meta_model, shape, path, type) VALUES ('nmdl.nodes.test_strategy', 'nmdl', 'Test strategy', 'nmdl/nodes/test_strategy', 'n');
INSERT INTO graphic (id, meta_model, shape, path, type) VALUES ('nmdl.nodes.trainer', 'nmdl', 'Trainer', 'nmdl/nodes/trainer', 'n');
INSERT INTO graphic (id, meta_model, shape, path, type) VALUES ('nmdl.nodes.training_strategy', 'nmdl', 'Training strategy', 'nmdl/nodes/training_strategy', 'n');
INSERT INTO graphic (id, meta_model, shape, path, type) VALUES ('nmdl.nodes.unit', 'nmdl', 'Unit', 'nmdl/nodes/unit', 'n');
INSERT INTO graphic (id, meta_model, shape, path, type) VALUES ('nmdl.nodes.unit_white', 'nmdl', 'Unit setting', 'nmdl/nodes/unit_white', 'n');
INSERT INTO graphic (id, meta_model, shape, path, type) VALUES ('nmdl.nodes.weight', 'nmdl', 'Weight', 'nmdl/nodes/weight', 'n');
INSERT INTO graphic (id, meta_model, shape, path, type) VALUES ('nmdl.nodes.xor', 'nmdl', 'Xor', 'nmdl/nodes/xor', 'n');
INSERT INTO graphic (id, meta_model, shape, path, type) VALUES ('nmdl.nodes.xor_white', 'nmdl', 'Xor setting', 'nmdl/nodes/xor_white', 'n');
-- NMDL.edges
INSERT INTO graphic (id, meta_model, shape, path, type) VALUES ('nmdl.edges.aggregation', 'nmdl', 'Aggregation', 'nmdl/edges/aggregation', 'e');
INSERT INTO graphic (id, meta_model, shape, path, type) VALUES ('nmdl.edges.combination', 'nmdl', 'Combination', 'nmdl/edges/combination', 'e');
INSERT INTO graphic (id, meta_model, shape, path, type) VALUES ('nmdl.edges.composition', 'nmdl', 'Composition', 'nmdl/edges/composition', 'e');
INSERT INTO graphic (id, meta_model, shape, path, type) VALUES ('nmdl.edges.control_flow', 'nmdl', 'Control flow', 'nmdl/edges/control_flow', 'e');
INSERT INTO graphic (id, meta_model, shape, path, type) VALUES ('nmdl.edges.data_flow', 'nmdl', 'Data flow', 'nmdl/edges/data_flow', 'e');
INSERT INTO graphic (id, meta_model, shape, path, type) VALUES ('nmdl.edges.externalization', 'nmdl', 'Externalization', 'nmdl/edges/externalization', 'e');
INSERT INTO graphic (id, meta_model, shape, path, type) VALUES ('nmdl.edges.internalization', 'nmdl', 'Internalization', 'nmdl/edges/internalization', 'e');
INSERT INTO graphic (id, meta_model, shape, path, type) VALUES ('nmdl.edges.knowledge_flow', 'nmdl', 'Knowledge flow', 'nmdl/edges/knowledge_flow', 'e');
INSERT INTO graphic (id, meta_model, shape, path, type) VALUES ('nmdl.edges.knowledge_flow_axons', 'nmdl', 'Knowledge flow axons', 'nmdl/edges/knowledge_flow_axons', 'e');
INSERT INTO graphic (id, meta_model, shape, path, type) VALUES ('nmdl.edges.knowledge_flow_dendrites', 'nmdl', 'Knowledge flow dendrites', 'nmdl/edges/knowledge_flow_dendrites', 'e');
INSERT INTO graphic (id, meta_model, shape, path, type) VALUES ('nmdl.edges.knowledge_flow_pragmatic', 'nmdl', 'Knowledge flow pragmatic', 'nmdl/edges/knowledge_flow_pragmatic', 'e');
INSERT INTO graphic (id, meta_model, shape, path, type) VALUES ('nmdl.edges.knowledge_flow_synapses', 'nmdl', 'Knowledge flow synapses', 'nmdl/edges/knowledge_flow_synapses', 'e');
INSERT INTO graphic (id, meta_model, shape, path, type) VALUES ('nmdl.edges.membership', 'nmdl', 'Membership', 'nmdl/edges/membership', 'e');
INSERT INTO graphic (id, meta_model, shape, path, type) VALUES ('nmdl.edges.non_tangible_resource_flow', 'nmdl', 'Non tangible resource flow', 'nmdl/edges/non_tangible_resource_flow', 'e');
INSERT INTO graphic (id, meta_model, shape, path, type) VALUES ('nmdl.edges.socialization', 'nmdl', 'Socialization', 'nmdl/edges/socialization', 'e');
INSERT INTO graphic (id, meta_model, shape, path, type) VALUES ('nmdl.edges.tangible_resource_flow', 'nmdl', 'Tangible resource flow', 'nmdl/edges/tangible_resource_flow', 'e');
INSERT INTO graphic (id, meta_model, shape, path, type) VALUES ('nmdl.edges.undefined_conversion', 'nmdl', 'Undefined conversion', 'nmdl/edges/undefined_conversion', 'e');
INSERT INTO graphic (id, meta_model, shape, path, type) VALUES ('nmdl.edges.use', 'nmdl', 'Use', 'nmdl/edges/use', 'e');

--- NMDL.Activation Overview
INSERT INTO view (id, meta_model, name, author, version, global) VALUES ('NMDL.activation_overview', 'nmdl', 'Activation Overview', 'Marcus Grum', 1, true);
-- NMDL.Activation Overview.nodes
INSERT INTO graphics_to_view (id, view, graphic, labeled, h_align, v_align) VALUES ('NMDL.activation_overview:nodes.activation', 'NMDL.activation_overview', 'nmdl.nodes.activation', true, 2, 2);
INSERT INTO graphics_to_view (id, view, graphic, labeled, h_align, v_align) VALUES ('NMDL.activation_overview:nodes.system_border', 'NMDL.activation_overview', 'nmdl.nodes.system_border', true, 2, 4);
-- NMDL.Activation Overview.edges
INSERT INTO graphics_to_view (id, view, graphic, labeled, h_align, v_align) VALUES ('NMDL.activation_overview:edges.aggregation', 'NMDL.activation_overview', 'nmdl.edges.aggregation', false, 2, 2);

--- NMDL.Activation View
INSERT INTO view (id, meta_model, name, author, version, global) VALUES ('NMDL.activation_view', 'nmdl', 'Activation View', 'Marcus Grum', 1, true);
-- NMDL.Activation View.nodes
INSERT INTO graphics_to_view (id, view, graphic, labeled, h_align, v_align) VALUES ('NMDL.activation_view:nodes.activation', 'NMDL.activation_view', 'nmdl.nodes.activation', true, 2, 2);
INSERT INTO graphics_to_view (id, view, graphic, labeled, h_align, v_align) VALUES ('NMDL.activation_view:nodes.cyber_physical_system', 'NMDL.activation_view', 'nmdl.nodes.cyber_physical_system', true, 2, 2);
INSERT INTO graphics_to_view (id, view, graphic, labeled, h_align, v_align) VALUES ('NMDL.activation_view:nodes.data_object', 'NMDL.activation_view', 'nmdl.nodes.data_object', true, 2, 2);
INSERT INTO graphics_to_view (id, view, graphic, labeled, h_align, v_align) VALUES ('NMDL.activation_view:nodes.data_set', 'NMDL.activation_view', 'nmdl.nodes.data_set', true, 2, 2);
INSERT INTO graphics_to_view (id, view, graphic, labeled, h_align, v_align) VALUES ('NMDL.activation_view:nodes.data_strategy', 'NMDL.activation_view', 'nmdl.nodes.data_strategy', true, 1, 2);
INSERT INTO graphics_to_view (id, view, graphic, labeled, h_align, v_align) VALUES ('NMDL.activation_view:nodes.explicit_knowledge_object', 'NMDL.activation_view', 'nmdl.nodes.explicit_knowledge_object', true, 2, 2);
INSERT INTO graphics_to_view (id, view, graphic, labeled, h_align, v_align) VALUES ('NMDL.activation_view:nodes.information_system', 'NMDL.activation_view', 'nmdl.nodes.information_system', true, 2, 2);
INSERT INTO graphics_to_view (id, view, graphic, labeled, h_align, v_align) VALUES ('NMDL.activation_view:nodes.initialization_strategy', 'NMDL.activation_view', 'nmdl.nodes.initialization_strategy', true, 1, 2);
INSERT INTO graphics_to_view (id, view, graphic, labeled, h_align, v_align) VALUES ('NMDL.activation_view:nodes.learning_strategy', 'NMDL.activation_view', 'nmdl.nodes.learning_strategy', true, 1, 2);
INSERT INTO graphics_to_view (id, view, graphic, labeled, h_align, v_align) VALUES ('NMDL.activation_view:nodes.machine', 'NMDL.activation_view', 'nmdl.nodes.machine', true, 2, 2);
INSERT INTO graphics_to_view (id, view, graphic, labeled, h_align, v_align) VALUES ('NMDL.activation_view:nodes.mixed_knowledge_object', 'NMDL.activation_view', 'nmdl.nodes.mixed_knowledge_object', true, 2, 2);
INSERT INTO graphics_to_view (id, view, graphic, labeled, h_align, v_align) VALUES ('NMDL.activation_view:nodes.neuron', 'NMDL.activation_view', 'nmdl.nodes.neuron', true, 2, 2);
INSERT INTO graphics_to_view (id, view, graphic, labeled, h_align, v_align) VALUES ('NMDL.activation_view:nodes.neuronal_performance', 'NMDL.activation_view', 'nmdl.nodes.neuronal_performance', true, 2, 2);
INSERT INTO graphics_to_view (id, view, graphic, labeled, h_align, v_align) VALUES ('NMDL.activation_view:nodes.non_tangible_resource_object', 'NMDL.activation_view', 'nmdl.nodes.non_tangible_resource_object', true, 2, 2);
INSERT INTO graphics_to_view (id, view, graphic, labeled, h_align, v_align) VALUES ('NMDL.activation_view:nodes.people', 'NMDL.activation_view', 'nmdl.nodes.people', true, 2, 2);
INSERT INTO graphics_to_view (id, view, graphic, labeled, h_align, v_align) VALUES ('NMDL.activation_view:nodes.stopping_strategy', 'NMDL.activation_view', 'nmdl.nodes.stopping_strategy', true, 1, 2);
INSERT INTO graphics_to_view (id, view, graphic, labeled, h_align, v_align) VALUES ('NMDL.activation_view:nodes.system_border', 'NMDL.activation_view', 'nmdl.nodes.system_border', true, 2, 4);
INSERT INTO graphics_to_view (id, view, graphic, labeled, h_align, v_align) VALUES ('NMDL.activation_view:nodes.tacit_knowledge_object', 'NMDL.activation_view', 'nmdl.nodes.tacit_knowledge_object', true, 2, 2);
INSERT INTO graphics_to_view (id, view, graphic, labeled, h_align, v_align) VALUES ('NMDL.activation_view:nodes.tangible_resource_object', 'NMDL.activation_view', 'nmdl.nodes.tangible_resource_object', true, 2, 2);
INSERT INTO graphics_to_view (id, view, graphic, labeled, h_align, v_align) VALUES ('NMDL.activation_view:nodes.test_strategy', 'NMDL.activation_view', 'nmdl.nodes.test_strategy', true, 1, 2);
INSERT INTO graphics_to_view (id, view, graphic, labeled, h_align, v_align) VALUES ('NMDL.activation_view:nodes.trainer', 'NMDL.activation_view', 'nmdl.nodes.trainer', true, 2, 2);
INSERT INTO graphics_to_view (id, view, graphic, labeled, h_align, v_align) VALUES ('NMDL.activation_view:nodes.training_strategy', 'NMDL.activation_view', 'nmdl.nodes.training_strategy', true, 1, 2);
-- NMDL.Activation View.edges
INSERT INTO graphics_to_view (id, view, graphic, labeled, h_align, v_align) VALUES ('NMDL.activation_view:edges.combination', 'NMDL.activation_view', 'nmdl.edges.combination', false, 2, 2);
INSERT INTO graphics_to_view (id, view, graphic, labeled, h_align, v_align) VALUES ('NMDL.activation_view:edges.externalization', 'NMDL.activation_view', 'nmdl.edges.externalization', false, 2, 2);
INSERT INTO graphics_to_view (id, view, graphic, labeled, h_align, v_align) VALUES ('NMDL.activation_view:edges.internalization', 'NMDL.activation_view', 'nmdl.edges.internalization', false, 2, 2);
INSERT INTO graphics_to_view (id, view, graphic, labeled, h_align, v_align) VALUES ('NMDL.activation_view:edges.knowledge_flow', 'NMDL.activation_view', 'nmdl.edges.knowledge_flow', false, 2, 2);
INSERT INTO graphics_to_view (id, view, graphic, labeled, h_align, v_align) VALUES ('NMDL.activation_view:edges.membership', 'NMDL.activation_view', 'nmdl.edges.membership', false, 2, 2);
INSERT INTO graphics_to_view (id, view, graphic, labeled, h_align, v_align) VALUES ('NMDL.activation_view:edges.socialization', 'NMDL.activation_view', 'nmdl.edges.socialization', false, 2, 2);
INSERT INTO graphics_to_view (id, view, graphic, labeled, h_align, v_align) VALUES ('NMDL.activation_view:edges.undefined_conversion', 'NMDL.activation_view', 'nmdl.edges.undefined_conversion', false, 2, 2);

--- NMDL.Activity Overview
INSERT INTO view (id, meta_model, name, author, version, global) VALUES ('NMDL.activity_overview', 'nmdl', 'Activity Overview', '', 1, true);
-- NMDL.Activity Overview.nodes
INSERT INTO graphics_to_view (id, view, graphic, labeled, h_align, v_align) VALUES ('NMDL.activity_overview:nodes.activity', 'NMDL.activity_overview', 'nmdl.nodes.activity', true, 2, 2);
INSERT INTO graphics_to_view (id, view, graphic, labeled, h_align, v_align) VALUES ('NMDL.activity_overview:nodes.system_border', 'NMDL.activity_overview', 'nmdl.nodes.system_border', true, 2, 4);
-- NMDL.Activity Overview.edges
INSERT INTO graphics_to_view (id, view, graphic, labeled, h_align, v_align) VALUES ('NMDL.activity_overview:edges.aggregation', 'NMDL.activity_overview', 'nmdl.edges.aggregation', false, 2, 2);

--- NMDL.Activity View
INSERT INTO view (id, meta_model, name, author, version, global) VALUES ('NMDL.activity_view', 'nmdl', 'Activity View', 'Marcus Grum', 1, true);
-- NMDL.Activity View.nodes
INSERT INTO graphics_to_view (id, view, graphic, labeled, h_align, v_align) VALUES ('NMDL.activity_view:nodes.activity', 'NMDL.activity_view', 'nmdl.nodes.activity', true, 2, 2);
INSERT INTO graphics_to_view (id, view, graphic, labeled, h_align, v_align) VALUES ('NMDL.activity_view:nodes.activity_requirement', 'NMDL.activity_view', 'nmdl.nodes.activity_requirement', true, 2, 2);
INSERT INTO graphics_to_view (id, view, graphic, labeled, h_align, v_align) VALUES ('NMDL.activity_view:nodes.ar_template', 'NMDL.activity_view', 'nmdl.nodes.ar_template', true, 1, 2);
INSERT INTO graphics_to_view (id, view, graphic, labeled, h_align, v_align) VALUES ('NMDL.activity_view:nodes.conversion_method', 'NMDL.activity_view', 'nmdl.nodes.conversion_method', true, 1, 2);
INSERT INTO graphics_to_view (id, view, graphic, labeled, h_align, v_align) VALUES ('NMDL.activity_view:nodes.cyber_physical_system', 'NMDL.activity_view', 'nmdl.nodes.cyber_physical_system', true, 2, 2);
INSERT INTO graphics_to_view (id, view, graphic, labeled, h_align, v_align) VALUES ('NMDL.activity_view:nodes.data_object', 'NMDL.activity_view', 'nmdl.nodes.data_object', true, 2, 2);
INSERT INTO graphics_to_view (id, view, graphic, labeled, h_align, v_align) VALUES ('NMDL.activity_view:nodes.explicit_knowledge_object', 'NMDL.activity_view', 'nmdl.nodes.explicit_knowledge_object', true, 2, 2);
INSERT INTO graphics_to_view (id, view, graphic, labeled, h_align, v_align) VALUES ('NMDL.activity_view:nodes.function', 'NMDL.activity_view', 'nmdl.nodes.function', true, 1, 2);
INSERT INTO graphics_to_view (id, view, graphic, labeled, h_align, v_align) VALUES ('NMDL.activity_view:nodes.information_system', 'NMDL.activity_view', 'nmdl.nodes.information_system', true, 2, 2);
INSERT INTO graphics_to_view (id, view, graphic, labeled, h_align, v_align) VALUES ('NMDL.activity_view:nodes.listener', 'NMDL.activity_view', 'nmdl.nodes.listener', true, 2, 2);
INSERT INTO graphics_to_view (id, view, graphic, labeled, h_align, v_align) VALUES ('NMDL.activity_view:nodes.machine', 'NMDL.activity_view', 'nmdl.nodes.machine', true, 2, 2);
INSERT INTO graphics_to_view (id, view, graphic, labeled, h_align, v_align) VALUES ('NMDL.activity_view:nodes.mixed_knowledge_object', 'NMDL.activity_view', 'nmdl.nodes.mixed_knowledge_object', true, 2, 2);
INSERT INTO graphics_to_view (id, view, graphic, labeled, h_align, v_align) VALUES ('NMDL.activity_view:nodes.neuron', 'NMDL.activity_view', 'nmdl.nodes.neuron', true, 2, 2);
INSERT INTO graphics_to_view (id, view, graphic, labeled, h_align, v_align) VALUES ('NMDL.activity_view:nodes.non_tangible_resource_object', 'NMDL.activity_view', 'nmdl.nodes.non_tangible_resource_object', true, 2, 2);
INSERT INTO graphics_to_view (id, view, graphic, labeled, h_align, v_align) VALUES ('NMDL.activity_view:nodes.people', 'NMDL.activity_view', 'nmdl.nodes.people', true, 2, 2);
INSERT INTO graphics_to_view (id, view, graphic, labeled, h_align, v_align) VALUES ('NMDL.activity_view:nodes.system_border', 'NMDL.activity_view', 'nmdl.nodes.system_border', true, 2, 4);
INSERT INTO graphics_to_view (id, view, graphic, labeled, h_align, v_align) VALUES ('NMDL.activity_view:nodes.tacit_knowledge_object', 'NMDL.activity_view', 'nmdl.nodes.tacit_knowledge_object', true, 2, 2);
INSERT INTO graphics_to_view (id, view, graphic, labeled, h_align, v_align) VALUES ('NMDL.activity_view:nodes.tangible_resource_object', 'NMDL.activity_view', 'nmdl.nodes.tangible_resource_object', true, 2, 2);
-- NMDL.Activity View.edges
INSERT INTO graphics_to_view (id, view, graphic, labeled, h_align, v_align) VALUES ('NMDL.activity_view:edges.combination', 'NMDL.activity_view', 'nmdl.edges.combination', false, 2, 2);
INSERT INTO graphics_to_view (id, view, graphic, labeled, h_align, v_align) VALUES ('NMDL.activity_view:edges.externalization', 'NMDL.activity_view', 'nmdl.edges.externalization', false, 2, 2);
INSERT INTO graphics_to_view (id, view, graphic, labeled, h_align, v_align) VALUES ('NMDL.activity_view:edges.internalization', 'NMDL.activity_view', 'nmdl.edges.internalization', false, 2, 2);
INSERT INTO graphics_to_view (id, view, graphic, labeled, h_align, v_align) VALUES ('NMDL.activity_view:edges.membership', 'NMDL.activity_view', 'nmdl.edges.membership', false, 2, 2);
INSERT INTO graphics_to_view (id, view, graphic, labeled, h_align, v_align) VALUES ('NMDL.activity_view:edges.socialization', 'NMDL.activity_view', 'nmdl.edges.socialization', false, 2, 2);
INSERT INTO graphics_to_view (id, view, graphic, labeled, h_align, v_align) VALUES ('NMDL.activity_view:edges.undefined_conversion', 'NMDL.activity_view', 'nmdl.edges.undefined_conversion', false, 2, 2);

--- NMDL.BPC. Op. Overview
INSERT INTO view (id, meta_model, name, author, version, global) VALUES ('NMDL.bpc._op._overview', 'nmdl', 'BPC. Op. Overview', 'Marcus Grum', 1, true);
-- NMDL.BPC. Op. Overview.nodes
INSERT INTO graphics_to_view (id, view, graphic, labeled, h_align, v_align) VALUES ('NMDL.bpc._op._overview:nodes.and', 'NMDL.bpc._op._overview', 'nmdl.nodes.and', false, 2, 2);
INSERT INTO graphics_to_view (id, view, graphic, labeled, h_align, v_align) VALUES ('NMDL.bpc._op._overview:nodes.boolean', 'NMDL.bpc._op._overview', 'nmdl.nodes.boolean', false, 2, 2);
INSERT INTO graphics_to_view (id, view, graphic, labeled, h_align, v_align) VALUES ('NMDL.bpc._op._overview:nodes.not', 'NMDL.bpc._op._overview', 'nmdl.nodes.not', false, 2, 2);
INSERT INTO graphics_to_view (id, view, graphic, labeled, h_align, v_align) VALUES ('NMDL.bpc._op._overview:nodes.or', 'NMDL.bpc._op._overview', 'nmdl.nodes.or', false, 2, 2);
INSERT INTO graphics_to_view (id, view, graphic, labeled, h_align, v_align) VALUES ('NMDL.bpc._op._overview:nodes.system_border', 'NMDL.bpc._op._overview', 'nmdl.nodes.system_border', true, 2, 4);
INSERT INTO graphics_to_view (id, view, graphic, labeled, h_align, v_align) VALUES ('NMDL.bpc._op._overview:nodes.xor', 'NMDL.bpc._op._overview', 'nmdl.nodes.xor', false, 2, 2);
-- NMDL.BPC. Op. Overview.edges
INSERT INTO graphics_to_view (id, view, graphic, labeled, h_align, v_align) VALUES ('NMDL.bpc._op._overview:edges.aggregation', 'NMDL.bpc._op._overview', 'nmdl.edges.aggregation', false, 2, 2);

--- NMDL.BPC. Overview
INSERT INTO view (id, meta_model, name, author, version, global) VALUES ('NMDL.bpc._overview', 'nmdl', 'BPC. Overview', 'Marcus Grum', 1, true);
-- NMDL.BPC. Overview.nodes
INSERT INTO graphics_to_view (id, view, graphic, labeled, h_align, v_align) VALUES ('NMDL.bpc._overview:nodes.and', 'NMDL.bpc._overview', 'nmdl.nodes.and', false, 2, 2);
INSERT INTO graphics_to_view (id, view, graphic, labeled, h_align, v_align) VALUES ('NMDL.bpc._overview:nodes.boolean', 'NMDL.bpc._overview', 'nmdl.nodes.boolean', false, 2, 2);
INSERT INTO graphics_to_view (id, view, graphic, labeled, h_align, v_align) VALUES ('NMDL.bpc._overview:nodes.network', 'NMDL.bpc._overview', 'nmdl.nodes.network', true, 2, 2);
INSERT INTO graphics_to_view (id, view, graphic, labeled, h_align, v_align) VALUES ('NMDL.bpc._overview:nodes.not', 'NMDL.bpc._overview', 'nmdl.nodes.not', false, 2, 2);
INSERT INTO graphics_to_view (id, view, graphic, labeled, h_align, v_align) VALUES ('NMDL.bpc._overview:nodes.or', 'NMDL.bpc._overview', 'nmdl.nodes.or', false, 2, 2);
INSERT INTO graphics_to_view (id, view, graphic, labeled, h_align, v_align) VALUES ('NMDL.bpc._overview:nodes.process', 'NMDL.bpc._overview', 'nmdl.nodes.process', true, 2, 2);
INSERT INTO graphics_to_view (id, view, graphic, labeled, h_align, v_align) VALUES ('NMDL.bpc._overview:nodes.system_border', 'NMDL.bpc._overview', 'nmdl.nodes.system_border', true, 2, 4);
INSERT INTO graphics_to_view (id, view, graphic, labeled, h_align, v_align) VALUES ('NMDL.bpc._overview:nodes.xor', 'NMDL.bpc._overview', 'nmdl.nodes.xor', false, 2, 2);
-- NMDL.BPC. Overview.edges
INSERT INTO graphics_to_view (id, view, graphic, labeled, h_align, v_align) VALUES ('NMDL.bpc._overview:edges.aggregation', 'NMDL.bpc._overview', 'nmdl.edges.aggregation', false, 2, 2);

--- NMDL.Beh. Op. Overview
INSERT INTO view (id, meta_model, name, author, version, global) VALUES ('NMDL.beh._op._overview', 'nmdl', 'Beh. Op. Overview', 'Marcus Grum', 1, true);
-- NMDL.Beh. Op. Overview.nodes
INSERT INTO graphics_to_view (id, view, graphic, labeled, h_align, v_align) VALUES ('NMDL.beh._op._overview:nodes.and', 'NMDL.beh._op._overview', 'nmdl.nodes.and', false, 2, 2);
INSERT INTO graphics_to_view (id, view, graphic, labeled, h_align, v_align) VALUES ('NMDL.beh._op._overview:nodes.boolean', 'NMDL.beh._op._overview', 'nmdl.nodes.boolean', false, 2, 2);
INSERT INTO graphics_to_view (id, view, graphic, labeled, h_align, v_align) VALUES ('NMDL.beh._op._overview:nodes.not', 'NMDL.beh._op._overview', 'nmdl.nodes.not', false, 2, 2);
INSERT INTO graphics_to_view (id, view, graphic, labeled, h_align, v_align) VALUES ('NMDL.beh._op._overview:nodes.or', 'NMDL.beh._op._overview', 'nmdl.nodes.or', false, 2, 2);
INSERT INTO graphics_to_view (id, view, graphic, labeled, h_align, v_align) VALUES ('NMDL.beh._op._overview:nodes.system_border', 'NMDL.beh._op._overview', 'nmdl.nodes.system_border', true, 2, 4);
INSERT INTO graphics_to_view (id, view, graphic, labeled, h_align, v_align) VALUES ('NMDL.beh._op._overview:nodes.xor', 'NMDL.beh._op._overview', 'nmdl.nodes.xor', false, 2, 2);
-- NMDL.Beh. Op. Overview.edges
INSERT INTO graphics_to_view (id, view, graphic, labeled, h_align, v_align) VALUES ('NMDL.beh._op._overview:edges.aggregation', 'NMDL.beh._op._overview', 'nmdl.edges.aggregation', false, 2, 2);

--- NMDL.Behavioral Overview
INSERT INTO view (id, meta_model, name, author, version, global) VALUES ('NMDL.behavioral_overview', 'nmdl', 'Behavioral Overview', 'Marcus Grum', 1, true);
-- NMDL.Behavioral Overview.nodes
INSERT INTO graphics_to_view (id, view, graphic, labeled, h_align, v_align) VALUES ('NMDL.behavioral_overview:nodes.and', 'NMDL.behavioral_overview', 'nmdl.nodes.and', false, 2, 2);
INSERT INTO graphics_to_view (id, view, graphic, labeled, h_align, v_align) VALUES ('NMDL.behavioral_overview:nodes.boolean', 'NMDL.behavioral_overview', 'nmdl.nodes.boolean', false, 2, 2);
INSERT INTO graphics_to_view (id, view, graphic, labeled, h_align, v_align) VALUES ('NMDL.behavioral_overview:nodes.not', 'NMDL.behavioral_overview', 'nmdl.nodes.not', false, 2, 2);
INSERT INTO graphics_to_view (id, view, graphic, labeled, h_align, v_align) VALUES ('NMDL.behavioral_overview:nodes.or', 'NMDL.behavioral_overview', 'nmdl.nodes.or', false, 2, 2);
INSERT INTO graphics_to_view (id, view, graphic, labeled, h_align, v_align) VALUES ('NMDL.behavioral_overview:nodes.process', 'NMDL.behavioral_overview', 'nmdl.nodes.process', true, 2, 2);
INSERT INTO graphics_to_view (id, view, graphic, labeled, h_align, v_align) VALUES ('NMDL.behavioral_overview:nodes.system_border', 'NMDL.behavioral_overview', 'nmdl.nodes.system_border', true, 2, 4);
INSERT INTO graphics_to_view (id, view, graphic, labeled, h_align, v_align) VALUES ('NMDL.behavioral_overview:nodes.task', 'NMDL.behavioral_overview', 'nmdl.nodes.task', true, 2, 2);
INSERT INTO graphics_to_view (id, view, graphic, labeled, h_align, v_align) VALUES ('NMDL.behavioral_overview:nodes.xor', 'NMDL.behavioral_overview', 'nmdl.nodes.xor', false, 2, 2);
-- NMDL.Behavioral Overview.edges
INSERT INTO graphics_to_view (id, view, graphic, labeled, h_align, v_align) VALUES ('NMDL.behavioral_overview:edges.aggregation', 'NMDL.behavioral_overview', 'nmdl.edges.aggregation', false, 2, 2);

--- NMDL.CPS Overview
INSERT INTO view (id, meta_model, name, author, version, global) VALUES ('NMDL.cps_overview', 'nmdl', 'CPS Overview', 'Marcus Grum', 1, true);
-- NMDL.CPS Overview.nodes
INSERT INTO graphics_to_view (id, view, graphic, labeled, h_align, v_align) VALUES ('NMDL.cps_overview:nodes.cyber_physical_system', 'NMDL.cps_overview', 'nmdl.nodes.cyber_physical_system', true, 2, 2);
INSERT INTO graphics_to_view (id, view, graphic, labeled, h_align, v_align) VALUES ('NMDL.cps_overview:nodes.system_border', 'NMDL.cps_overview', 'nmdl.nodes.system_border', true, 2, 4);
-- NMDL.CPS Overview.edges
INSERT INTO graphics_to_view (id, view, graphic, labeled, h_align, v_align) VALUES ('NMDL.cps_overview:edges.aggregation', 'NMDL.cps_overview', 'nmdl.edges.aggregation', false, 2, 2);

--- NMDL.Data Overview
INSERT INTO view (id, meta_model, name, author, version, global) VALUES ('NMDL.data_overview', 'nmdl', 'Data Overview', 'Marcus Grum', 1, true);
-- NMDL.Data Overview.nodes
INSERT INTO graphics_to_view (id, view, graphic, labeled, h_align, v_align) VALUES ('NMDL.data_overview:nodes.data_object', 'NMDL.data_overview', 'nmdl.nodes.data_object', true, 2, 2);
INSERT INTO graphics_to_view (id, view, graphic, labeled, h_align, v_align) VALUES ('NMDL.data_overview:nodes.system_border', 'NMDL.data_overview', 'nmdl.nodes.system_border', true, 2, 4);
-- NMDL.Data Overview.edges
INSERT INTO graphics_to_view (id, view, graphic, labeled, h_align, v_align) VALUES ('NMDL.data_overview:edges.aggregation', 'NMDL.data_overview', 'nmdl.edges.aggregation', false, 2, 2);

--- NMDL.Free Modeling View
INSERT INTO view (id, meta_model, name, author, version, global) VALUES ('NMDL.free_modeling_view', 'nmdl', 'Free Modeling View', 'Marcus Grum', 1, true);
-- NMDL.Free Modeling View.nodes
INSERT INTO graphics_to_view (id, view, graphic, labeled, h_align, v_align) VALUES ('NMDL.free_modeling_view:nodes.activation', 'NMDL.free_modeling_view', 'nmdl.nodes.activation', true, 2, 2);
INSERT INTO graphics_to_view (id, view, graphic, labeled, h_align, v_align) VALUES ('NMDL.free_modeling_view:nodes.activation_function', 'NMDL.free_modeling_view', 'nmdl.nodes.activation_function', true, 2, 2);
INSERT INTO graphics_to_view (id, view, graphic, labeled, h_align, v_align) VALUES ('NMDL.free_modeling_view:nodes.activity', 'NMDL.free_modeling_view', 'nmdl.nodes.activity', true, 2, 2);
INSERT INTO graphics_to_view (id, view, graphic, labeled, h_align, v_align) VALUES ('NMDL.free_modeling_view:nodes.activity_requirement', 'NMDL.free_modeling_view', 'nmdl.nodes.activity_requirement', true, 2, 2);
INSERT INTO graphics_to_view (id, view, graphic, labeled, h_align, v_align) VALUES ('NMDL.free_modeling_view:nodes.aggregation_function', 'NMDL.free_modeling_view', 'nmdl.nodes.aggregation_function', true, 2, 2);
INSERT INTO graphics_to_view (id, view, graphic, labeled, h_align, v_align) VALUES ('NMDL.free_modeling_view:nodes.and', 'NMDL.free_modeling_view', 'nmdl.nodes.and', false, 2, 2);
INSERT INTO graphics_to_view (id, view, graphic, labeled, h_align, v_align) VALUES ('NMDL.free_modeling_view:nodes.and_white', 'NMDL.free_modeling_view', 'nmdl.nodes.and_white', false, 2, 2);
INSERT INTO graphics_to_view (id, view, graphic, labeled, h_align, v_align) VALUES ('NMDL.free_modeling_view:nodes.ar_template', 'NMDL.free_modeling_view', 'nmdl.nodes.ar_template', true, 2, 2);
INSERT INTO graphics_to_view (id, view, graphic, labeled, h_align, v_align) VALUES ('NMDL.free_modeling_view:nodes.arousal_threshold', 'NMDL.free_modeling_view', 'nmdl.nodes.arousal_threshold', true, 1, 2);
INSERT INTO graphics_to_view (id, view, graphic, labeled, h_align, v_align) VALUES ('NMDL.free_modeling_view:nodes.axon_hill', 'NMDL.free_modeling_view', 'nmdl.nodes.axon_hill', true, 2, 2);
INSERT INTO graphics_to_view (id, view, graphic, labeled, h_align, v_align) VALUES ('NMDL.free_modeling_view:nodes.boolean', 'NMDL.free_modeling_view', 'nmdl.nodes.boolean', false, 2, 2);
INSERT INTO graphics_to_view (id, view, graphic, labeled, h_align, v_align) VALUES ('NMDL.free_modeling_view:nodes.boolean_white', 'NMDL.free_modeling_view', 'nmdl.nodes.boolean_white', false, 2, 2);
INSERT INTO graphics_to_view (id, view, graphic, labeled, h_align, v_align) VALUES ('NMDL.free_modeling_view:nodes.conversion_method', 'NMDL.free_modeling_view', 'nmdl.nodes.conversion_method', true, 1, 2);
INSERT INTO graphics_to_view (id, view, graphic, labeled, h_align, v_align) VALUES ('NMDL.free_modeling_view:nodes.cyber_physical_system', 'NMDL.free_modeling_view', 'nmdl.nodes.cyber_physical_system', true, 2, 2);
INSERT INTO graphics_to_view (id, view, graphic, labeled, h_align, v_align) VALUES ('NMDL.free_modeling_view:nodes.cyber_physical_system_white', 'NMDL.free_modeling_view', 'nmdl.nodes.cyber_physical_system_white', true, 2, 2);
INSERT INTO graphics_to_view (id, view, graphic, labeled, h_align, v_align) VALUES ('NMDL.free_modeling_view:nodes.data_object', 'NMDL.free_modeling_view', 'nmdl.nodes.data_object', true, 2, 2);
INSERT INTO graphics_to_view (id, view, graphic, labeled, h_align, v_align) VALUES ('NMDL.free_modeling_view:nodes.data_object_white', 'NMDL.free_modeling_view', 'nmdl.nodes.data_object_white', true, 2, 2);
INSERT INTO graphics_to_view (id, view, graphic, labeled, h_align, v_align) VALUES ('NMDL.free_modeling_view:nodes.data_set', 'NMDL.free_modeling_view', 'nmdl.nodes.data_set', true, 2, 2);
INSERT INTO graphics_to_view (id, view, graphic, labeled, h_align, v_align) VALUES ('NMDL.free_modeling_view:nodes.data_strategy', 'NMDL.free_modeling_view', 'nmdl.nodes.data_strategy', true, 1, 2);
INSERT INTO graphics_to_view (id, view, graphic, labeled, h_align, v_align) VALUES ('NMDL.free_modeling_view:nodes.dendrite', 'NMDL.free_modeling_view', 'nmdl.nodes.dendrite', true, 2, 2);
INSERT INTO graphics_to_view (id, view, graphic, labeled, h_align, v_align) VALUES ('NMDL.free_modeling_view:nodes.event', 'NMDL.free_modeling_view', 'nmdl.nodes.event', true, 2, 2);
INSERT INTO graphics_to_view (id, view, graphic, labeled, h_align, v_align) VALUES ('NMDL.free_modeling_view:nodes.event_white', 'NMDL.free_modeling_view', 'nmdl.nodes.event_white', true, 2, 2);
INSERT INTO graphics_to_view (id, view, graphic, labeled, h_align, v_align) VALUES ('NMDL.free_modeling_view:nodes.explicit_knowledge_object', 'NMDL.free_modeling_view', 'nmdl.nodes.explicit_knowledge_object', true, 2, 2);
INSERT INTO graphics_to_view (id, view, graphic, labeled, h_align, v_align) VALUES ('NMDL.free_modeling_view:nodes.function', 'NMDL.free_modeling_view', 'nmdl.nodes.function', true, 1, 2);
INSERT INTO graphics_to_view (id, view, graphic, labeled, h_align, v_align) VALUES ('NMDL.free_modeling_view:nodes.information_system', 'NMDL.free_modeling_view', 'nmdl.nodes.information_system', true, 2, 2);
INSERT INTO graphics_to_view (id, view, graphic, labeled, h_align, v_align) VALUES ('NMDL.free_modeling_view:nodes.information_system_white', 'NMDL.free_modeling_view', 'nmdl.nodes.information_system_white', true, 2, 2);
INSERT INTO graphics_to_view (id, view, graphic, labeled, h_align, v_align) VALUES ('NMDL.free_modeling_view:nodes.initialization_strategy', 'NMDL.free_modeling_view', 'nmdl.nodes.initialization_strategy', true, 1, 2);
INSERT INTO graphics_to_view (id, view, graphic, labeled, h_align, v_align) VALUES ('NMDL.free_modeling_view:nodes.learning_strategy', 'NMDL.free_modeling_view', 'nmdl.nodes.learning_strategy', true, 1, 2);
INSERT INTO graphics_to_view (id, view, graphic, labeled, h_align, v_align) VALUES ('NMDL.free_modeling_view:nodes.listener', 'NMDL.free_modeling_view', 'nmdl.nodes.listener', true, 2, 2);
INSERT INTO graphics_to_view (id, view, graphic, labeled, h_align, v_align) VALUES ('NMDL.free_modeling_view:nodes.machine', 'NMDL.free_modeling_view', 'nmdl.nodes.machine', true, 2, 2);
INSERT INTO graphics_to_view (id, view, graphic, labeled, h_align, v_align) VALUES ('NMDL.free_modeling_view:nodes.machine_white', 'NMDL.free_modeling_view', 'nmdl.nodes.machine_white', true, 2, 2);
INSERT INTO graphics_to_view (id, view, graphic, labeled, h_align, v_align) VALUES ('NMDL.free_modeling_view:nodes.mixed_knowledge_object', 'NMDL.free_modeling_view', 'nmdl.nodes.mixed_knowledge_object', true, 2, 2);
INSERT INTO graphics_to_view (id, view, graphic, labeled, h_align, v_align) VALUES ('NMDL.free_modeling_view:nodes.moment_border', 'NMDL.free_modeling_view', 'nmdl.nodes.moment_border', true, 2, 2);
INSERT INTO graphics_to_view (id, view, graphic, labeled, h_align, v_align) VALUES ('NMDL.free_modeling_view:nodes.nerve_fibre', 'NMDL.free_modeling_view', 'nmdl.nodes.nerve_fibre', true, 2, 2);
INSERT INTO graphics_to_view (id, view, graphic, labeled, h_align, v_align) VALUES ('NMDL.free_modeling_view:nodes.network', 'NMDL.free_modeling_view', 'nmdl.nodes.network', true, 2, 2);
INSERT INTO graphics_to_view (id, view, graphic, labeled, h_align, v_align) VALUES ('NMDL.free_modeling_view:nodes.network_interface', 'NMDL.free_modeling_view', 'nmdl.nodes.network_interface', true, 2, 2);
INSERT INTO graphics_to_view (id, view, graphic, labeled, h_align, v_align) VALUES ('NMDL.free_modeling_view:nodes.network_setting', 'NMDL.free_modeling_view', 'nmdl.nodes.network_setting', true, 2, 2);
INSERT INTO graphics_to_view (id, view, graphic, labeled, h_align, v_align) VALUES ('NMDL.free_modeling_view:nodes.neuron', 'NMDL.free_modeling_view', 'nmdl.nodes.neuron', true, 2, 2);
INSERT INTO graphics_to_view (id, view, graphic, labeled, h_align, v_align) VALUES ('NMDL.free_modeling_view:nodes.neuronal_performance', 'NMDL.free_modeling_view', 'nmdl.nodes.neuronal_performance', true, 2, 2);
INSERT INTO graphics_to_view (id, view, graphic, labeled, h_align, v_align) VALUES ('NMDL.free_modeling_view:nodes.non_tangible_resource_object', 'NMDL.free_modeling_view', 'nmdl.nodes.non_tangible_resource_object', true, 2, 2);
INSERT INTO graphics_to_view (id, view, graphic, labeled, h_align, v_align) VALUES ('NMDL.free_modeling_view:nodes.non_tangible_resource_object_white', 'NMDL.free_modeling_view', 'nmdl.nodes.non_tangible_resource_object_white', true, 2, 2);
INSERT INTO graphics_to_view (id, view, graphic, labeled, h_align, v_align) VALUES ('NMDL.free_modeling_view:nodes.not', 'NMDL.free_modeling_view', 'nmdl.nodes.not', false, 2, 2);
INSERT INTO graphics_to_view (id, view, graphic, labeled, h_align, v_align) VALUES ('NMDL.free_modeling_view:nodes.not_white', 'NMDL.free_modeling_view', 'nmdl.nodes.not_white', false, 2, 2);
INSERT INTO graphics_to_view (id, view, graphic, labeled, h_align, v_align) VALUES ('NMDL.free_modeling_view:nodes.or', 'NMDL.free_modeling_view', 'nmdl.nodes.or', false, 2, 2);
INSERT INTO graphics_to_view (id, view, graphic, labeled, h_align, v_align) VALUES ('NMDL.free_modeling_view:nodes.or_white', 'NMDL.free_modeling_view', 'nmdl.nodes.or_white', false, 2, 2);
INSERT INTO graphics_to_view (id, view, graphic, labeled, h_align, v_align) VALUES ('NMDL.free_modeling_view:nodes.participant_requirement', 'NMDL.free_modeling_view', 'nmdl.nodes.participant_requirement', true, 2, 2);
INSERT INTO graphics_to_view (id, view, graphic, labeled, h_align, v_align) VALUES ('NMDL.free_modeling_view:nodes.participant_requirement_white', 'NMDL.free_modeling_view', 'nmdl.nodes.participant_requirement_white', true, 2, 2);
INSERT INTO graphics_to_view (id, view, graphic, labeled, h_align, v_align) VALUES ('NMDL.free_modeling_view:nodes.people', 'NMDL.free_modeling_view', 'nmdl.nodes.people', true, 2, 2);
INSERT INTO graphics_to_view (id, view, graphic, labeled, h_align, v_align) VALUES ('NMDL.free_modeling_view:nodes.people_white', 'NMDL.free_modeling_view', 'nmdl.nodes.people_white', true, 2, 2);
INSERT INTO graphics_to_view (id, view, graphic, labeled, h_align, v_align) VALUES ('NMDL.free_modeling_view:nodes.process', 'NMDL.free_modeling_view', 'nmdl.nodes.process', true, 2, 2);
INSERT INTO graphics_to_view (id, view, graphic, labeled, h_align, v_align) VALUES ('NMDL.free_modeling_view:nodes.process_interface', 'NMDL.free_modeling_view', 'nmdl.nodes.process_interface', true, 2, 2);
INSERT INTO graphics_to_view (id, view, graphic, labeled, h_align, v_align) VALUES ('NMDL.free_modeling_view:nodes.process_setting', 'NMDL.free_modeling_view', 'nmdl.nodes.process_setting', true, 2, 2);
INSERT INTO graphics_to_view (id, view, graphic, labeled, h_align, v_align) VALUES ('NMDL.free_modeling_view:nodes.role', 'NMDL.free_modeling_view', 'nmdl.nodes.role', true, 2, 2);
INSERT INTO graphics_to_view (id, view, graphic, labeled, h_align, v_align) VALUES ('NMDL.free_modeling_view:nodes.role_white', 'NMDL.free_modeling_view', 'nmdl.nodes.role_white', true, 2, 2);
INSERT INTO graphics_to_view (id, view, graphic, labeled, h_align, v_align) VALUES ('NMDL.free_modeling_view:nodes.scenario', 'NMDL.free_modeling_view', 'nmdl.nodes.scenario', true, 2, 2);
INSERT INTO graphics_to_view (id, view, graphic, labeled, h_align, v_align) VALUES ('NMDL.free_modeling_view:nodes.scenario_interface', 'NMDL.free_modeling_view', 'nmdl.nodes.scenario_interface', true, 2, 2);
INSERT INTO graphics_to_view (id, view, graphic, labeled, h_align, v_align) VALUES ('NMDL.free_modeling_view:nodes.sequence_border', 'NMDL.free_modeling_view', 'nmdl.nodes.sequence_border', true, 2, 2);
INSERT INTO graphics_to_view (id, view, graphic, labeled, h_align, v_align) VALUES ('NMDL.free_modeling_view:nodes.stopping_strategy', 'NMDL.free_modeling_view', 'nmdl.nodes.stopping_strategy', true, 1, 2);
INSERT INTO graphics_to_view (id, view, graphic, labeled, h_align, v_align) VALUES ('NMDL.free_modeling_view:nodes.synapse', 'NMDL.free_modeling_view', 'nmdl.nodes.synapse', true, 2, 2);
INSERT INTO graphics_to_view (id, view, graphic, labeled, h_align, v_align) VALUES ('NMDL.free_modeling_view:nodes.system_border', 'NMDL.free_modeling_view', 'nmdl.nodes.system_border', true, 2, 4);
INSERT INTO graphics_to_view (id, view, graphic, labeled, h_align, v_align) VALUES ('NMDL.free_modeling_view:nodes.tacit_knowledge_object', 'NMDL.free_modeling_view', 'nmdl.nodes.tacit_knowledge_object', true, 2, 2);
INSERT INTO graphics_to_view (id, view, graphic, labeled, h_align, v_align) VALUES ('NMDL.free_modeling_view:nodes.tangible_resource_object', 'NMDL.free_modeling_view', 'nmdl.nodes.tangible_resource_object', true, 2, 2);
INSERT INTO graphics_to_view (id, view, graphic, labeled, h_align, v_align) VALUES ('NMDL.free_modeling_view:nodes.tangible_resource_object_white', 'NMDL.free_modeling_view', 'nmdl.nodes.tangible_resource_object_white', true, 2, 2);
INSERT INTO graphics_to_view (id, view, graphic, labeled, h_align, v_align) VALUES ('NMDL.free_modeling_view:nodes.task', 'NMDL.free_modeling_view', 'nmdl.nodes.task', true, 2, 2);
INSERT INTO graphics_to_view (id, view, graphic, labeled, h_align, v_align) VALUES ('NMDL.free_modeling_view:nodes.test_strategy', 'NMDL.free_modeling_view', 'nmdl.nodes.test_strategy', true, 1, 2);
INSERT INTO graphics_to_view (id, view, graphic, labeled, h_align, v_align) VALUES ('NMDL.free_modeling_view:nodes.trainer', 'NMDL.free_modeling_view', 'nmdl.nodes.trainer', true, 2, 2);
INSERT INTO graphics_to_view (id, view, graphic, labeled, h_align, v_align) VALUES ('NMDL.free_modeling_view:nodes.training_strategy', 'NMDL.free_modeling_view', 'nmdl.nodes.training_strategy', true, 1, 2);
INSERT INTO graphics_to_view (id, view, graphic, labeled, h_align, v_align) VALUES ('NMDL.free_modeling_view:nodes.unit', 'NMDL.free_modeling_view', 'nmdl.nodes.unit', true, 2, 2);
INSERT INTO graphics_to_view (id, view, graphic, labeled, h_align, v_align) VALUES ('NMDL.free_modeling_view:nodes.unit_white', 'NMDL.free_modeling_view', 'nmdl.nodes.unit_white', true, 2, 2);
INSERT INTO graphics_to_view (id, view, graphic, labeled, h_align, v_align) VALUES ('NMDL.free_modeling_view:nodes.weight', 'NMDL.free_modeling_view', 'nmdl.nodes.weight', true, 1, 2);
INSERT INTO graphics_to_view (id, view, graphic, labeled, h_align, v_align) VALUES ('NMDL.free_modeling_view:nodes.xor', 'NMDL.free_modeling_view', 'nmdl.nodes.xor', false, 2, 2);
INSERT INTO graphics_to_view (id, view, graphic, labeled, h_align, v_align) VALUES ('NMDL.free_modeling_view:nodes.xor_white', 'NMDL.free_modeling_view', 'nmdl.nodes.xor_white', false, 2, 2);
-- NMDL.Free Modeling View.edges
INSERT INTO graphics_to_view (id, view, graphic, labeled, h_align, v_align) VALUES ('NMDL.free_modeling_view:edges.aggregation', 'NMDL.free_modeling_view', 'nmdl.edges.aggregation', false, 2, 2);
INSERT INTO graphics_to_view (id, view, graphic, labeled, h_align, v_align) VALUES ('NMDL.free_modeling_view:edges.combination', 'NMDL.free_modeling_view', 'nmdl.edges.combination', false, 2, 2);
INSERT INTO graphics_to_view (id, view, graphic, labeled, h_align, v_align) VALUES ('NMDL.free_modeling_view:edges.composition', 'NMDL.free_modeling_view', 'nmdl.edges.composition', false, 2, 2);
INSERT INTO graphics_to_view (id, view, graphic, labeled, h_align, v_align) VALUES ('NMDL.free_modeling_view:edges.control_flow', 'NMDL.free_modeling_view', 'nmdl.edges.control_flow', false, 2, 2);
INSERT INTO graphics_to_view (id, view, graphic, labeled, h_align, v_align) VALUES ('NMDL.free_modeling_view:edges.data_flow', 'NMDL.free_modeling_view', 'nmdl.edges.data_flow', false, 2, 2);
INSERT INTO graphics_to_view (id, view, graphic, labeled, h_align, v_align) VALUES ('NMDL.free_modeling_view:edges.externalization', 'NMDL.free_modeling_view', 'nmdl.edges.externalization', false, 2, 2);
INSERT INTO graphics_to_view (id, view, graphic, labeled, h_align, v_align) VALUES ('NMDL.free_modeling_view:edges.internalization', 'NMDL.free_modeling_view', 'nmdl.edges.internalization', false, 2, 2);
INSERT INTO graphics_to_view (id, view, graphic, labeled, h_align, v_align) VALUES ('NMDL.free_modeling_view:edges.knowledge_flow', 'NMDL.free_modeling_view', 'nmdl.edges.knowledge_flow', false, 2, 2);
INSERT INTO graphics_to_view (id, view, graphic, labeled, h_align, v_align) VALUES ('NMDL.free_modeling_view:edges.knowledge_flow_axons', 'NMDL.free_modeling_view', 'nmdl.edges.knowledge_flow_axons', false, 2, 2);
INSERT INTO graphics_to_view (id, view, graphic, labeled, h_align, v_align) VALUES ('NMDL.free_modeling_view:edges.knowledge_flow_dendrites', 'NMDL.free_modeling_view', 'nmdl.edges.knowledge_flow_dendrites', false, 2, 2);
INSERT INTO graphics_to_view (id, view, graphic, labeled, h_align, v_align) VALUES ('NMDL.free_modeling_view:edges.knowledge_flow_pragmatic', 'NMDL.free_modeling_view', 'nmdl.edges.knowledge_flow_pragmatic', false, 2, 2);
INSERT INTO graphics_to_view (id, view, graphic, labeled, h_align, v_align) VALUES ('NMDL.free_modeling_view:edges.knowledge_flow_synapses', 'NMDL.free_modeling_view', 'nmdl.edges.knowledge_flow_synapses', false, 2, 2);
INSERT INTO graphics_to_view (id, view, graphic, labeled, h_align, v_align) VALUES ('NMDL.free_modeling_view:edges.membership', 'NMDL.free_modeling_view', 'nmdl.edges.membership', false, 2, 2);
INSERT INTO graphics_to_view (id, view, graphic, labeled, h_align, v_align) VALUES ('NMDL.free_modeling_view:edges.non_tangible_resource_flow', 'NMDL.free_modeling_view', 'nmdl.edges.non_tangible_resource_flow', false, 2, 2);
INSERT INTO graphics_to_view (id, view, graphic, labeled, h_align, v_align) VALUES ('NMDL.free_modeling_view:edges.socialization', 'NMDL.free_modeling_view', 'nmdl.edges.socialization', false, 2, 2);
INSERT INTO graphics_to_view (id, view, graphic, labeled, h_align, v_align) VALUES ('NMDL.free_modeling_view:edges.tangible_resource_flow', 'NMDL.free_modeling_view', 'nmdl.edges.tangible_resource_flow', false, 2, 2);
INSERT INTO graphics_to_view (id, view, graphic, labeled, h_align, v_align) VALUES ('NMDL.free_modeling_view:edges.undefined_conversion', 'NMDL.free_modeling_view', 'nmdl.edges.undefined_conversion', false, 2, 2);
INSERT INTO graphics_to_view (id, view, graphic, labeled, h_align, v_align) VALUES ('NMDL.free_modeling_view:edges.use', 'NMDL.free_modeling_view', 'nmdl.edges.use', false, 2, 2);

--- NMDL.Functional Overview
INSERT INTO view (id, meta_model, name, author, version, global) VALUES ('NMDL.functional_overview', 'nmdl', 'Functional Overview', 'Marcus Grum', 1, true);
-- NMDL.Functional Overview.nodes
INSERT INTO graphics_to_view (id, view, graphic, labeled, h_align, v_align) VALUES ('NMDL.functional_overview:nodes.activity', 'NMDL.functional_overview', 'nmdl.nodes.activity', true, 2, 2);
INSERT INTO graphics_to_view (id, view, graphic, labeled, h_align, v_align) VALUES ('NMDL.functional_overview:nodes.system_border', 'NMDL.functional_overview', 'nmdl.nodes.system_border', true, 2, 4);
INSERT INTO graphics_to_view (id, view, graphic, labeled, h_align, v_align) VALUES ('NMDL.functional_overview:nodes.task', 'NMDL.functional_overview', 'nmdl.nodes.task', true, 2, 2);
-- NMDL.Functional Overview.edges
INSERT INTO graphics_to_view (id, view, graphic, labeled, h_align, v_align) VALUES ('NMDL.functional_overview:edges.aggregation', 'NMDL.functional_overview', 'nmdl.edges.aggregation', false, 2, 2);

--- NMDL.Inform. Obj. Overview
INSERT INTO view (id, meta_model, name, author, version, global) VALUES ('NMDL.inform._obj._overview', 'nmdl', 'Inform. Obj. Overview', 'Marcus Grum', 1, true);
-- NMDL.Inform. Obj. Overview.nodes
INSERT INTO graphics_to_view (id, view, graphic, labeled, h_align, v_align) VALUES ('NMDL.inform._obj._overview:nodes.cyber_physical_system', 'NMDL.inform._obj._overview', 'nmdl.nodes.cyber_physical_system', true, 2, 2);
INSERT INTO graphics_to_view (id, view, graphic, labeled, h_align, v_align) VALUES ('NMDL.inform._obj._overview:nodes.data_object', 'NMDL.inform._obj._overview', 'nmdl.nodes.data_object', true, 2, 2);
INSERT INTO graphics_to_view (id, view, graphic, labeled, h_align, v_align) VALUES ('NMDL.inform._obj._overview:nodes.explicit_knowledge_object', 'NMDL.inform._obj._overview', 'nmdl.nodes.explicit_knowledge_object', true, 2, 2);
INSERT INTO graphics_to_view (id, view, graphic, labeled, h_align, v_align) VALUES ('NMDL.inform._obj._overview:nodes.information_system', 'NMDL.inform._obj._overview', 'nmdl.nodes.information_system', true, 2, 2);
INSERT INTO graphics_to_view (id, view, graphic, labeled, h_align, v_align) VALUES ('NMDL.inform._obj._overview:nodes.machine', 'NMDL.inform._obj._overview', 'nmdl.nodes.machine', true, 2, 2);
INSERT INTO graphics_to_view (id, view, graphic, labeled, h_align, v_align) VALUES ('NMDL.inform._obj._overview:nodes.neuron', 'NMDL.inform._obj._overview', 'nmdl.nodes.neuron', true, 2, 2);
INSERT INTO graphics_to_view (id, view, graphic, labeled, h_align, v_align) VALUES ('NMDL.inform._obj._overview:nodes.non_tangible_resource_object', 'NMDL.inform._obj._overview', 'nmdl.nodes.non_tangible_resource_object', true, 2, 2);
INSERT INTO graphics_to_view (id, view, graphic, labeled, h_align, v_align) VALUES ('NMDL.inform._obj._overview:nodes.people', 'NMDL.inform._obj._overview', 'nmdl.nodes.people', true, 2, 2);
INSERT INTO graphics_to_view (id, view, graphic, labeled, h_align, v_align) VALUES ('NMDL.inform._obj._overview:nodes.system_border', 'NMDL.inform._obj._overview', 'nmdl.nodes.system_border', true, 2, 4);
INSERT INTO graphics_to_view (id, view, graphic, labeled, h_align, v_align) VALUES ('NMDL.inform._obj._overview:nodes.tangible_resource_object', 'NMDL.inform._obj._overview', 'nmdl.nodes.tangible_resource_object', true, 2, 2);
-- NMDL.Inform. Obj. Overview.edges
INSERT INTO graphics_to_view (id, view, graphic, labeled, h_align, v_align) VALUES ('NMDL.inform._obj._overview:edges.aggregation', 'NMDL.inform._obj._overview', 'nmdl.edges.aggregation', false, 2, 2);
INSERT INTO graphics_to_view (id, view, graphic, labeled, h_align, v_align) VALUES ('NMDL.inform._obj._overview:edges.membership', 'NMDL.inform._obj._overview', 'nmdl.edges.membership', false, 2, 2);

--- NMDL.Inform. Syst. Overview
INSERT INTO view (id, meta_model, name, author, version, global) VALUES ('NMDL.inform._syst._overview', 'nmdl', 'Inform. Syst. Overview', 'Marcus Grum', 1, true);
-- NMDL.Inform. Syst. Overview.nodes
INSERT INTO graphics_to_view (id, view, graphic, labeled, h_align, v_align) VALUES ('NMDL.inform._syst._overview:nodes.information_system', 'NMDL.inform._syst._overview', 'nmdl.nodes.information_system', true, 2, 2);
INSERT INTO graphics_to_view (id, view, graphic, labeled, h_align, v_align) VALUES ('NMDL.inform._syst._overview:nodes.system_border', 'NMDL.inform._syst._overview', 'nmdl.nodes.system_border', true, 2, 4);
-- NMDL.Inform. Syst. Overview.edges
INSERT INTO graphics_to_view (id, view, graphic, labeled, h_align, v_align) VALUES ('NMDL.inform._syst._overview:edges.aggregation', 'NMDL.inform._syst._overview', 'nmdl.edges.aggregation', false, 2, 2);

--- NMDL.Information View
INSERT INTO view (id, meta_model, name, author, version, global) VALUES ('NMDL.information_view', 'nmdl', 'Information View', 'Marcus Grum', 1, true);
-- NMDL.Information View.nodes
INSERT INTO graphics_to_view (id, view, graphic, labeled, h_align, v_align) VALUES ('NMDL.information_view:nodes.and', 'NMDL.information_view', 'nmdl.nodes.and', false, 2, 2);
INSERT INTO graphics_to_view (id, view, graphic, labeled, h_align, v_align) VALUES ('NMDL.information_view:nodes.boolean', 'NMDL.information_view', 'nmdl.nodes.boolean', false, 2, 2);
INSERT INTO graphics_to_view (id, view, graphic, labeled, h_align, v_align) VALUES ('NMDL.information_view:nodes.cyber_physical_system', 'NMDL.information_view', 'nmdl.nodes.cyber_physical_system', true, 2, 2);
INSERT INTO graphics_to_view (id, view, graphic, labeled, h_align, v_align) VALUES ('NMDL.information_view:nodes.data_object', 'NMDL.information_view', 'nmdl.nodes.data_object', true, 2, 2);
INSERT INTO graphics_to_view (id, view, graphic, labeled, h_align, v_align) VALUES ('NMDL.information_view:nodes.event', 'NMDL.information_view', 'nmdl.nodes.event', true, 2, 2);
INSERT INTO graphics_to_view (id, view, graphic, labeled, h_align, v_align) VALUES ('NMDL.information_view:nodes.information_system', 'NMDL.information_view', 'nmdl.nodes.information_system', true, 2, 2);
INSERT INTO graphics_to_view (id, view, graphic, labeled, h_align, v_align) VALUES ('NMDL.information_view:nodes.machine', 'NMDL.information_view', 'nmdl.nodes.machine', true, 2, 2);
INSERT INTO graphics_to_view (id, view, graphic, labeled, h_align, v_align) VALUES ('NMDL.information_view:nodes.non_tangible_resource_object', 'NMDL.information_view', 'nmdl.nodes.non_tangible_resource_object', true, 2, 2);
INSERT INTO graphics_to_view (id, view, graphic, labeled, h_align, v_align) VALUES ('NMDL.information_view:nodes.not', 'NMDL.information_view', 'nmdl.nodes.not', false, 2, 2);
INSERT INTO graphics_to_view (id, view, graphic, labeled, h_align, v_align) VALUES ('NMDL.information_view:nodes.or', 'NMDL.information_view', 'nmdl.nodes.or', false, 2, 2);
INSERT INTO graphics_to_view (id, view, graphic, labeled, h_align, v_align) VALUES ('NMDL.information_view:nodes.participant_requirement', 'NMDL.information_view', 'nmdl.nodes.participant_requirement', true, 2, 2);
INSERT INTO graphics_to_view (id, view, graphic, labeled, h_align, v_align) VALUES ('NMDL.information_view:nodes.people', 'NMDL.information_view', 'nmdl.nodes.people', true, 2, 2);
INSERT INTO graphics_to_view (id, view, graphic, labeled, h_align, v_align) VALUES ('NMDL.information_view:nodes.process', 'NMDL.information_view', 'nmdl.nodes.process', true, 2, 2);
INSERT INTO graphics_to_view (id, view, graphic, labeled, h_align, v_align) VALUES ('NMDL.information_view:nodes.process_interface', 'NMDL.information_view', 'nmdl.nodes.process_interface', true, 2, 2);
INSERT INTO graphics_to_view (id, view, graphic, labeled, h_align, v_align) VALUES ('NMDL.information_view:nodes.role', 'NMDL.information_view', 'nmdl.nodes.role', true, 2, 2);
INSERT INTO graphics_to_view (id, view, graphic, labeled, h_align, v_align) VALUES ('NMDL.information_view:nodes.system_border', 'NMDL.information_view', 'nmdl.nodes.system_border', true, 2, 4);
INSERT INTO graphics_to_view (id, view, graphic, labeled, h_align, v_align) VALUES ('NMDL.information_view:nodes.tangible_resource_object', 'NMDL.information_view', 'nmdl.nodes.tangible_resource_object', true, 2, 2);
INSERT INTO graphics_to_view (id, view, graphic, labeled, h_align, v_align) VALUES ('NMDL.information_view:nodes.task', 'NMDL.information_view', 'nmdl.nodes.task', true, 2, 2);
INSERT INTO graphics_to_view (id, view, graphic, labeled, h_align, v_align) VALUES ('NMDL.information_view:nodes.unit', 'NMDL.information_view', 'nmdl.nodes.unit', true, 2, 2);
INSERT INTO graphics_to_view (id, view, graphic, labeled, h_align, v_align) VALUES ('NMDL.information_view:nodes.xor', 'NMDL.information_view', 'nmdl.nodes.xor', false, 2, 2);
-- NMDL.Information View.edges
INSERT INTO graphics_to_view (id, view, graphic, labeled, h_align, v_align) VALUES ('NMDL.information_view:edges.control_flow', 'NMDL.information_view', 'nmdl.edges.control_flow', false, 2, 2);
INSERT INTO graphics_to_view (id, view, graphic, labeled, h_align, v_align) VALUES ('NMDL.information_view:edges.data_flow', 'NMDL.information_view', 'nmdl.edges.data_flow', false, 2, 2);
INSERT INTO graphics_to_view (id, view, graphic, labeled, h_align, v_align) VALUES ('NMDL.information_view:edges.membership', 'NMDL.information_view', 'nmdl.edges.membership', false, 2, 2);
INSERT INTO graphics_to_view (id, view, graphic, labeled, h_align, v_align) VALUES ('NMDL.information_view:edges.non_tangible_resource_flow', 'NMDL.information_view', 'nmdl.edges.non_tangible_resource_flow', false, 2, 2);
INSERT INTO graphics_to_view (id, view, graphic, labeled, h_align, v_align) VALUES ('NMDL.information_view:edges.tangible_resource_flow', 'NMDL.information_view', 'nmdl.edges.tangible_resource_flow', false, 2, 2);

--- NMDL.Informational Overview
INSERT INTO view (id, meta_model, name, author, version, global) VALUES ('NMDL.informational_overview', 'nmdl', 'Informational Overview', 'Marcus Grum', 1, true);
-- NMDL.Informational Overview.nodes
INSERT INTO graphics_to_view (id, view, graphic, labeled, h_align, v_align) VALUES ('NMDL.informational_overview:nodes.activation', 'NMDL.informational_overview', 'nmdl.nodes.activation', true, 2, 2);
INSERT INTO graphics_to_view (id, view, graphic, labeled, h_align, v_align) VALUES ('NMDL.informational_overview:nodes.data_object', 'NMDL.informational_overview', 'nmdl.nodes.data_object', true, 2, 2);
INSERT INTO graphics_to_view (id, view, graphic, labeled, h_align, v_align) VALUES ('NMDL.informational_overview:nodes.information_system', 'NMDL.informational_overview', 'nmdl.nodes.information_system', true, 2, 2);
INSERT INTO graphics_to_view (id, view, graphic, labeled, h_align, v_align) VALUES ('NMDL.informational_overview:nodes.machine', 'NMDL.informational_overview', 'nmdl.nodes.machine', true, 2, 2);
INSERT INTO graphics_to_view (id, view, graphic, labeled, h_align, v_align) VALUES ('NMDL.informational_overview:nodes.non_tangible_resource_object', 'NMDL.informational_overview', 'nmdl.nodes.non_tangible_resource_object', true, 2, 2);
INSERT INTO graphics_to_view (id, view, graphic, labeled, h_align, v_align) VALUES ('NMDL.informational_overview:nodes.system_border', 'NMDL.informational_overview', 'nmdl.nodes.system_border', true, 2, 4);
INSERT INTO graphics_to_view (id, view, graphic, labeled, h_align, v_align) VALUES ('NMDL.informational_overview:nodes.tangible_resource_object', 'NMDL.informational_overview', 'nmdl.nodes.tangible_resource_object', true, 2, 2);
-- NMDL.Informational Overview.edges
INSERT INTO graphics_to_view (id, view, graphic, labeled, h_align, v_align) VALUES ('NMDL.informational_overview:edges.aggregation', 'NMDL.informational_overview', 'nmdl.edges.aggregation', false, 2, 2);

--- NMDL.Knowl. Generation View
INSERT INTO view (id, meta_model, name, author, version, global) VALUES ('NMDL.knowl._generation_view', 'nmdl', 'Knowl. Generation View', 'Marcus Grum', 1, true);
-- NMDL.Knowl. Generation View.nodes
INSERT INTO graphics_to_view (id, view, graphic, labeled, h_align, v_align) VALUES ('NMDL.knowl._generation_view:nodes.activity', 'NMDL.knowl._generation_view', 'nmdl.nodes.activity', true, 2, 2);
INSERT INTO graphics_to_view (id, view, graphic, labeled, h_align, v_align) VALUES ('NMDL.knowl._generation_view:nodes.activity_requirement', 'NMDL.knowl._generation_view', 'nmdl.nodes.activity_requirement', true, 2, 2);
INSERT INTO graphics_to_view (id, view, graphic, labeled, h_align, v_align) VALUES ('NMDL.knowl._generation_view:nodes.ar_template', 'NMDL.knowl._generation_view', 'nmdl.nodes.ar_template', true, 1, 2);
INSERT INTO graphics_to_view (id, view, graphic, labeled, h_align, v_align) VALUES ('NMDL.knowl._generation_view:nodes.conversion_method', 'NMDL.knowl._generation_view', 'nmdl.nodes.conversion_method', true, 1, 2);
INSERT INTO graphics_to_view (id, view, graphic, labeled, h_align, v_align) VALUES ('NMDL.knowl._generation_view:nodes.cyber_physical_system', 'NMDL.knowl._generation_view', 'nmdl.nodes.cyber_physical_system', true, 2, 2);
INSERT INTO graphics_to_view (id, view, graphic, labeled, h_align, v_align) VALUES ('NMDL.knowl._generation_view:nodes.data_object', 'NMDL.knowl._generation_view', 'nmdl.nodes.data_object', true, 2, 2);
INSERT INTO graphics_to_view (id, view, graphic, labeled, h_align, v_align) VALUES ('NMDL.knowl._generation_view:nodes.explicit_knowledge_object', 'NMDL.knowl._generation_view', 'nmdl.nodes.explicit_knowledge_object', true, 2, 2);
INSERT INTO graphics_to_view (id, view, graphic, labeled, h_align, v_align) VALUES ('NMDL.knowl._generation_view:nodes.function', 'NMDL.knowl._generation_view', 'nmdl.nodes.function', true, 1, 2);
INSERT INTO graphics_to_view (id, view, graphic, labeled, h_align, v_align) VALUES ('NMDL.knowl._generation_view:nodes.information_system', 'NMDL.knowl._generation_view', 'nmdl.nodes.information_system', true, 2, 2);
INSERT INTO graphics_to_view (id, view, graphic, labeled, h_align, v_align) VALUES ('NMDL.knowl._generation_view:nodes.listener', 'NMDL.knowl._generation_view', 'nmdl.nodes.listener', true, 2, 2);
INSERT INTO graphics_to_view (id, view, graphic, labeled, h_align, v_align) VALUES ('NMDL.knowl._generation_view:nodes.machine', 'NMDL.knowl._generation_view', 'nmdl.nodes.machine', true, 2, 2);
INSERT INTO graphics_to_view (id, view, graphic, labeled, h_align, v_align) VALUES ('NMDL.knowl._generation_view:nodes.mixed_knowledge_object', 'NMDL.knowl._generation_view', 'nmdl.nodes.mixed_knowledge_object', true, 2, 2);
INSERT INTO graphics_to_view (id, view, graphic, labeled, h_align, v_align) VALUES ('NMDL.knowl._generation_view:nodes.neuron', 'NMDL.knowl._generation_view', 'nmdl.nodes.neuron', true, 2, 2);
INSERT INTO graphics_to_view (id, view, graphic, labeled, h_align, v_align) VALUES ('NMDL.knowl._generation_view:nodes.non_tangible_resource_object', 'NMDL.knowl._generation_view', 'nmdl.nodes.non_tangible_resource_object', true, 2, 2);
INSERT INTO graphics_to_view (id, view, graphic, labeled, h_align, v_align) VALUES ('NMDL.knowl._generation_view:nodes.people', 'NMDL.knowl._generation_view', 'nmdl.nodes.people', true, 2, 2);
INSERT INTO graphics_to_view (id, view, graphic, labeled, h_align, v_align) VALUES ('NMDL.knowl._generation_view:nodes.system_border', 'NMDL.knowl._generation_view', 'nmdl.nodes.system_border', true, 2, 4);
INSERT INTO graphics_to_view (id, view, graphic, labeled, h_align, v_align) VALUES ('NMDL.knowl._generation_view:nodes.tacit_knowledge_object', 'NMDL.knowl._generation_view', 'nmdl.nodes.tacit_knowledge_object', true, 2, 2);
INSERT INTO graphics_to_view (id, view, graphic, labeled, h_align, v_align) VALUES ('NMDL.knowl._generation_view:nodes.tangible_resource_object', 'NMDL.knowl._generation_view', 'nmdl.nodes.tangible_resource_object', true, 2, 2);
-- NMDL.Knowl. Generation View.edges
INSERT INTO graphics_to_view (id, view, graphic, labeled, h_align, v_align) VALUES ('NMDL.knowl._generation_view:edges.combination', 'NMDL.knowl._generation_view', 'nmdl.edges.combination', false, 2, 2);
INSERT INTO graphics_to_view (id, view, graphic, labeled, h_align, v_align) VALUES ('NMDL.knowl._generation_view:edges.externalization', 'NMDL.knowl._generation_view', 'nmdl.edges.externalization', false, 2, 2);
INSERT INTO graphics_to_view (id, view, graphic, labeled, h_align, v_align) VALUES ('NMDL.knowl._generation_view:edges.internalization', 'NMDL.knowl._generation_view', 'nmdl.edges.internalization', false, 2, 2);
INSERT INTO graphics_to_view (id, view, graphic, labeled, h_align, v_align) VALUES ('NMDL.knowl._generation_view:edges.membership', 'NMDL.knowl._generation_view', 'nmdl.edges.membership', false, 2, 2);
INSERT INTO graphics_to_view (id, view, graphic, labeled, h_align, v_align) VALUES ('NMDL.knowl._generation_view:edges.socialization', 'NMDL.knowl._generation_view', 'nmdl.edges.socialization', false, 2, 2);
INSERT INTO graphics_to_view (id, view, graphic, labeled, h_align, v_align) VALUES ('NMDL.knowl._generation_view:edges.undefined_conversion', 'NMDL.knowl._generation_view', 'nmdl.edges.undefined_conversion', false, 2, 2);

--- NMDL.Knowl. Obj. Overview
INSERT INTO view (id, meta_model, name, author, version, global) VALUES ('NMDL.knowl._obj._overview', 'nmdl', 'Knowl. Obj. Overview', 'Marcus  Grum', 1, true);
-- NMDL.Knowl. Obj. Overview.nodes
INSERT INTO graphics_to_view (id, view, graphic, labeled, h_align, v_align) VALUES ('NMDL.knowl._obj._overview:nodes.cyber_physical_system', 'NMDL.knowl._obj._overview', 'nmdl.nodes.cyber_physical_system', true, 2, 2);
INSERT INTO graphics_to_view (id, view, graphic, labeled, h_align, v_align) VALUES ('NMDL.knowl._obj._overview:nodes.data_object', 'NMDL.knowl._obj._overview', 'nmdl.nodes.data_object', true, 2, 2);
INSERT INTO graphics_to_view (id, view, graphic, labeled, h_align, v_align) VALUES ('NMDL.knowl._obj._overview:nodes.information_system', 'NMDL.knowl._obj._overview', 'nmdl.nodes.information_system', true, 2, 2);
INSERT INTO graphics_to_view (id, view, graphic, labeled, h_align, v_align) VALUES ('NMDL.knowl._obj._overview:nodes.machine', 'NMDL.knowl._obj._overview', 'nmdl.nodes.machine', true, 2, 2);
INSERT INTO graphics_to_view (id, view, graphic, labeled, h_align, v_align) VALUES ('NMDL.knowl._obj._overview:nodes.neuron', 'NMDL.knowl._obj._overview', 'nmdl.nodes.neuron', true, 2, 2);
INSERT INTO graphics_to_view (id, view, graphic, labeled, h_align, v_align) VALUES ('NMDL.knowl._obj._overview:nodes.non_tangible_resource_object', 'NMDL.knowl._obj._overview', 'nmdl.nodes.non_tangible_resource_object', true, 2, 2);
INSERT INTO graphics_to_view (id, view, graphic, labeled, h_align, v_align) VALUES ('NMDL.knowl._obj._overview:nodes.people', 'NMDL.knowl._obj._overview', 'nmdl.nodes.people', true, 2, 2);
INSERT INTO graphics_to_view (id, view, graphic, labeled, h_align, v_align) VALUES ('NMDL.knowl._obj._overview:nodes.system_border', 'NMDL.knowl._obj._overview', 'nmdl.nodes.system_border', true, 2, 4);
INSERT INTO graphics_to_view (id, view, graphic, labeled, h_align, v_align) VALUES ('NMDL.knowl._obj._overview:nodes.tacit_knowledge_object', 'NMDL.knowl._obj._overview', 'nmdl.nodes.tacit_knowledge_object', true, 2, 2);
INSERT INTO graphics_to_view (id, view, graphic, labeled, h_align, v_align) VALUES ('NMDL.knowl._obj._overview:nodes.tangible_resource_object', 'NMDL.knowl._obj._overview', 'nmdl.nodes.tangible_resource_object', true, 2, 2);
-- NMDL.Knowl. Obj. Overview.edges
INSERT INTO graphics_to_view (id, view, graphic, labeled, h_align, v_align) VALUES ('NMDL.knowl._obj._overview:edges.aggregation', 'NMDL.knowl._obj._overview', 'nmdl.edges.aggregation', false, 2, 2);
INSERT INTO graphics_to_view (id, view, graphic, labeled, h_align, v_align) VALUES ('NMDL.knowl._obj._overview:edges.membership', 'NMDL.knowl._obj._overview', 'nmdl.edges.membership', false, 2, 2);

--- NMDL.Knowledge Overview
INSERT INTO view (id, meta_model, name, author, version, global) VALUES ('NMDL.knowledge_overview', 'nmdl', 'Knowledge Overview', 'Marcus Grum', 1, true);
-- NMDL.Knowledge Overview.nodes
INSERT INTO graphics_to_view (id, view, graphic, labeled, h_align, v_align) VALUES ('NMDL.knowledge_overview:nodes.cyber_physical_system', 'NMDL.knowledge_overview', 'nmdl.nodes.cyber_physical_system', true, 2, 2);
INSERT INTO graphics_to_view (id, view, graphic, labeled, h_align, v_align) VALUES ('NMDL.knowledge_overview:nodes.data_object', 'NMDL.knowledge_overview', 'nmdl.nodes.data_object', true, 2, 2);
INSERT INTO graphics_to_view (id, view, graphic, labeled, h_align, v_align) VALUES ('NMDL.knowledge_overview:nodes.explicit_knowledge_object', 'NMDL.knowledge_overview', 'nmdl.nodes.explicit_knowledge_object', true, 2, 2);
INSERT INTO graphics_to_view (id, view, graphic, labeled, h_align, v_align) VALUES ('NMDL.knowledge_overview:nodes.information_system', 'NMDL.knowledge_overview', 'nmdl.nodes.information_system', true, 2, 2);
INSERT INTO graphics_to_view (id, view, graphic, labeled, h_align, v_align) VALUES ('NMDL.knowledge_overview:nodes.machine', 'NMDL.knowledge_overview', 'nmdl.nodes.machine', true, 2, 2);
INSERT INTO graphics_to_view (id, view, graphic, labeled, h_align, v_align) VALUES ('NMDL.knowledge_overview:nodes.mixed_knowledge_object', 'NMDL.knowledge_overview', 'nmdl.nodes.mixed_knowledge_object', true, 2, 2);
INSERT INTO graphics_to_view (id, view, graphic, labeled, h_align, v_align) VALUES ('NMDL.knowledge_overview:nodes.neuron', 'NMDL.knowledge_overview', 'nmdl.nodes.neuron', true, 2, 2);
INSERT INTO graphics_to_view (id, view, graphic, labeled, h_align, v_align) VALUES ('NMDL.knowledge_overview:nodes.non_tangible_resource_object', 'NMDL.knowledge_overview', 'nmdl.nodes.non_tangible_resource_object', true, 2, 2);
INSERT INTO graphics_to_view (id, view, graphic, labeled, h_align, v_align) VALUES ('NMDL.knowledge_overview:nodes.people', 'NMDL.knowledge_overview', 'nmdl.nodes.people', true, 2, 2);
INSERT INTO graphics_to_view (id, view, graphic, labeled, h_align, v_align) VALUES ('NMDL.knowledge_overview:nodes.system_border', 'NMDL.knowledge_overview', 'nmdl.nodes.system_border', true, 2, 4);
INSERT INTO graphics_to_view (id, view, graphic, labeled, h_align, v_align) VALUES ('NMDL.knowledge_overview:nodes.tacit_knowledge_object', 'NMDL.knowledge_overview', 'nmdl.nodes.tacit_knowledge_object', true, 2, 2);
INSERT INTO graphics_to_view (id, view, graphic, labeled, h_align, v_align) VALUES ('NMDL.knowledge_overview:nodes.tangible_resource_object', 'NMDL.knowledge_overview', 'nmdl.nodes.tangible_resource_object', true, 2, 2);
-- NMDL.Knowledge Overview.edges
INSERT INTO graphics_to_view (id, view, graphic, labeled, h_align, v_align) VALUES ('NMDL.knowledge_overview:edges.aggregation', 'NMDL.knowledge_overview', 'nmdl.edges.aggregation', false, 2, 2);
INSERT INTO graphics_to_view (id, view, graphic, labeled, h_align, v_align) VALUES ('NMDL.knowledge_overview:edges.membership', 'NMDL.knowledge_overview', 'nmdl.edges.membership', false, 2, 2);

--- NMDL.Machine Overview
INSERT INTO view (id, meta_model, name, author, version, global) VALUES ('NMDL.machine_overview', 'nmdl', 'Machine Overview', 'Marcus Grum', 1, true);
-- NMDL.Machine Overview.nodes
INSERT INTO graphics_to_view (id, view, graphic, labeled, h_align, v_align) VALUES ('NMDL.machine_overview:nodes.machine', 'NMDL.machine_overview', 'nmdl.nodes.machine', true, 2, 2);
INSERT INTO graphics_to_view (id, view, graphic, labeled, h_align, v_align) VALUES ('NMDL.machine_overview:nodes.system_border', 'NMDL.machine_overview', 'nmdl.nodes.system_border', true, 2, 4);
-- NMDL.Machine Overview.edges
INSERT INTO graphics_to_view (id, view, graphic, labeled, h_align, v_align) VALUES ('NMDL.machine_overview:edges.aggregation', 'NMDL.machine_overview', 'nmdl.edges.aggregation', false, 2, 2);

--- NMDL.Network Overview
INSERT INTO view (id, meta_model, name, author, version, global) VALUES ('NMDL.network_overview', 'nmdl', 'Network Overview', 'Marcus Grum', 1, true);
-- NMDL.Network Overview.nodes
INSERT INTO graphics_to_view (id, view, graphic, labeled, h_align, v_align) VALUES ('NMDL.network_overview:nodes.network', 'NMDL.network_overview', 'nmdl.nodes.network', true, 2, 2);
INSERT INTO graphics_to_view (id, view, graphic, labeled, h_align, v_align) VALUES ('NMDL.network_overview:nodes.system_border', 'NMDL.network_overview', 'nmdl.nodes.system_border', true, 2, 4);
-- NMDL.Network Overview.edges
INSERT INTO graphics_to_view (id, view, graphic, labeled, h_align, v_align) VALUES ('NMDL.network_overview:edges.aggregation', 'NMDL.network_overview', 'nmdl.edges.aggregation', false, 2, 2);

--- NMDL.Network View
INSERT INTO view (id, meta_model, name, author, version, global) VALUES ('NMDL.network_view', 'nmdl', 'Network View', 'Marcus Grum', 1, true);
-- NMDL.Network View.nodes
INSERT INTO graphics_to_view (id, view, graphic, labeled, h_align, v_align) VALUES ('NMDL.network_view:nodes.and', 'NMDL.network_view', 'nmdl.nodes.and', false, 2, 2);
INSERT INTO graphics_to_view (id, view, graphic, labeled, h_align, v_align) VALUES ('NMDL.network_view:nodes.boolean', 'NMDL.network_view', 'nmdl.nodes.boolean', false, 2, 2);
INSERT INTO graphics_to_view (id, view, graphic, labeled, h_align, v_align) VALUES ('NMDL.network_view:nodes.cyber_physical_system', 'NMDL.network_view', 'nmdl.nodes.cyber_physical_system', true, 2, 2);
INSERT INTO graphics_to_view (id, view, graphic, labeled, h_align, v_align) VALUES ('NMDL.network_view:nodes.data_object', 'NMDL.network_view', 'nmdl.nodes.data_object', true, 2, 2);
INSERT INTO graphics_to_view (id, view, graphic, labeled, h_align, v_align) VALUES ('NMDL.network_view:nodes.event', 'NMDL.network_view', 'nmdl.nodes.event', true, 2, 2);
INSERT INTO graphics_to_view (id, view, graphic, labeled, h_align, v_align) VALUES ('NMDL.network_view:nodes.information_system', 'NMDL.network_view', 'nmdl.nodes.information_system', true, 2, 2);
INSERT INTO graphics_to_view (id, view, graphic, labeled, h_align, v_align) VALUES ('NMDL.network_view:nodes.machine', 'NMDL.network_view', 'nmdl.nodes.machine', true, 2, 2);
INSERT INTO graphics_to_view (id, view, graphic, labeled, h_align, v_align) VALUES ('NMDL.network_view:nodes.network', 'NMDL.network_view', 'nmdl.nodes.network', true, 2, 2);
INSERT INTO graphics_to_view (id, view, graphic, labeled, h_align, v_align) VALUES ('NMDL.network_view:nodes.network_interface', 'NMDL.network_view', 'nmdl.nodes.network_interface', true, 2, 2);
INSERT INTO graphics_to_view (id, view, graphic, labeled, h_align, v_align) VALUES ('NMDL.network_view:nodes.non_tangible_resource_object', 'NMDL.network_view', 'nmdl.nodes.non_tangible_resource_object', true, 2, 2);
INSERT INTO graphics_to_view (id, view, graphic, labeled, h_align, v_align) VALUES ('NMDL.network_view:nodes.not', 'NMDL.network_view', 'nmdl.nodes.not', false, 2, 2);
INSERT INTO graphics_to_view (id, view, graphic, labeled, h_align, v_align) VALUES ('NMDL.network_view:nodes.or', 'NMDL.network_view', 'nmdl.nodes.or', false, 2, 2);
INSERT INTO graphics_to_view (id, view, graphic, labeled, h_align, v_align) VALUES ('NMDL.network_view:nodes.participant_requirement', 'NMDL.network_view', 'nmdl.nodes.participant_requirement', true, 2, 2);
INSERT INTO graphics_to_view (id, view, graphic, labeled, h_align, v_align) VALUES ('NMDL.network_view:nodes.people', 'NMDL.network_view', 'nmdl.nodes.people', true, 2, 2);
INSERT INTO graphics_to_view (id, view, graphic, labeled, h_align, v_align) VALUES ('NMDL.network_view:nodes.process', 'NMDL.network_view', 'nmdl.nodes.process', true, 2, 2);
INSERT INTO graphics_to_view (id, view, graphic, labeled, h_align, v_align) VALUES ('NMDL.network_view:nodes.role', 'NMDL.network_view', 'nmdl.nodes.role', true, 2, 2);
INSERT INTO graphics_to_view (id, view, graphic, labeled, h_align, v_align) VALUES ('NMDL.network_view:nodes.system_border', 'NMDL.network_view', 'nmdl.nodes.system_border', true, 2, 4);
INSERT INTO graphics_to_view (id, view, graphic, labeled, h_align, v_align) VALUES ('NMDL.network_view:nodes.tangible_resource_object', 'NMDL.network_view', 'nmdl.nodes.tangible_resource_object', true, 2, 2);
INSERT INTO graphics_to_view (id, view, graphic, labeled, h_align, v_align) VALUES ('NMDL.network_view:nodes.unit', 'NMDL.network_view', 'nmdl.nodes.unit', true, 2, 2);
INSERT INTO graphics_to_view (id, view, graphic, labeled, h_align, v_align) VALUES ('NMDL.network_view:nodes.xor', 'NMDL.network_view', 'nmdl.nodes.xor', false, 2, 2);
-- NMDL.Network View.edges
INSERT INTO graphics_to_view (id, view, graphic, labeled, h_align, v_align) VALUES ('NMDL.network_view:edges.control_flow', 'NMDL.network_view', 'nmdl.edges.control_flow', false, 2, 2);
INSERT INTO graphics_to_view (id, view, graphic, labeled, h_align, v_align) VALUES ('NMDL.network_view:edges.data_flow', 'NMDL.network_view', 'nmdl.edges.data_flow', false, 2, 2);
INSERT INTO graphics_to_view (id, view, graphic, labeled, h_align, v_align) VALUES ('NMDL.network_view:edges.membership', 'NMDL.network_view', 'nmdl.edges.membership', false, 2, 2);
INSERT INTO graphics_to_view (id, view, graphic, labeled, h_align, v_align) VALUES ('NMDL.network_view:edges.non_tangible_resource_flow', 'NMDL.network_view', 'nmdl.edges.non_tangible_resource_flow', false, 2, 2);
INSERT INTO graphics_to_view (id, view, graphic, labeled, h_align, v_align) VALUES ('NMDL.network_view:edges.tangible_resource_flow', 'NMDL.network_view', 'nmdl.edges.tangible_resource_flow', false, 2, 2);

--- NMDL.Neuron Overview
INSERT INTO view (id, meta_model, name, author, version, global) VALUES ('NMDL.neuron_overview', 'nmdl', 'Neuron Overview', 'Marcus Grum', 1, true);
-- NMDL.Neuron Overview.nodes
INSERT INTO graphics_to_view (id, view, graphic, labeled, h_align, v_align) VALUES ('NMDL.neuron_overview:nodes.neuron', 'NMDL.neuron_overview', 'nmdl.nodes.neuron', true, 2, 2);
INSERT INTO graphics_to_view (id, view, graphic, labeled, h_align, v_align) VALUES ('NMDL.neuron_overview:nodes.system_border', 'NMDL.neuron_overview', 'nmdl.nodes.system_border', true, 2, 4);
-- NMDL.Neuron Overview.edges
INSERT INTO graphics_to_view (id, view, graphic, labeled, h_align, v_align) VALUES ('NMDL.neuron_overview:edges.aggregation', 'NMDL.neuron_overview', 'nmdl.edges.aggregation', false, 2, 2);

--- NMDL.Neuron View
INSERT INTO view (id, meta_model, name, author, version, global) VALUES ('NMDL.neuron_view', 'nmdl', 'Neuron View', 'Marcus Grum', 1, true);
-- NMDL.Neuron View.nodes
INSERT INTO graphics_to_view (id, view, graphic, labeled, h_align, v_align) VALUES ('NMDL.neuron_view:nodes.activation', 'NMDL.neuron_view', 'nmdl.nodes.activation', true, 2, 2);
INSERT INTO graphics_to_view (id, view, graphic, labeled, h_align, v_align) VALUES ('NMDL.neuron_view:nodes.activation_function', 'NMDL.neuron_view', 'nmdl.nodes.activation_function', true, 1, 2);
INSERT INTO graphics_to_view (id, view, graphic, labeled, h_align, v_align) VALUES ('NMDL.neuron_view:nodes.aggregation_function', 'NMDL.neuron_view', 'nmdl.nodes.aggregation_function', true, 1, 2);
INSERT INTO graphics_to_view (id, view, graphic, labeled, h_align, v_align) VALUES ('NMDL.neuron_view:nodes.arousal_threshold', 'NMDL.neuron_view', 'nmdl.nodes.arousal_threshold', true, 1, 2);
INSERT INTO graphics_to_view (id, view, graphic, labeled, h_align, v_align) VALUES ('NMDL.neuron_view:nodes.axon_hill', 'NMDL.neuron_view', 'nmdl.nodes.axon_hill', true, 2, 2);
INSERT INTO graphics_to_view (id, view, graphic, labeled, h_align, v_align) VALUES ('NMDL.neuron_view:nodes.dendrite', 'NMDL.neuron_view', 'nmdl.nodes.dendrite', true, 2, 2);
INSERT INTO graphics_to_view (id, view, graphic, labeled, h_align, v_align) VALUES ('NMDL.neuron_view:nodes.explicit_knowledge_object', 'NMDL.neuron_view', 'nmdl.nodes.explicit_knowledge_object', true, 2, 2);
INSERT INTO graphics_to_view (id, view, graphic, labeled, h_align, v_align) VALUES ('NMDL.neuron_view:nodes.mixed_knowledge_object', 'NMDL.neuron_view', 'nmdl.nodes.mixed_knowledge_object', true, 2, 2);
INSERT INTO graphics_to_view (id, view, graphic, labeled, h_align, v_align) VALUES ('NMDL.neuron_view:nodes.nerve_fibre', 'NMDL.neuron_view', 'nmdl.nodes.nerve_fibre', true, 2, 2);
INSERT INTO graphics_to_view (id, view, graphic, labeled, h_align, v_align) VALUES ('NMDL.neuron_view:nodes.neuron', 'NMDL.neuron_view', 'nmdl.nodes.neuron', true, 2, 2);
INSERT INTO graphics_to_view (id, view, graphic, labeled, h_align, v_align) VALUES ('NMDL.neuron_view:nodes.synapse', 'NMDL.neuron_view', 'nmdl.nodes.synapse', true, 2, 2);
INSERT INTO graphics_to_view (id, view, graphic, labeled, h_align, v_align) VALUES ('NMDL.neuron_view:nodes.system_border', 'NMDL.neuron_view', 'nmdl.nodes.system_border', true, 2, 4);
INSERT INTO graphics_to_view (id, view, graphic, labeled, h_align, v_align) VALUES ('NMDL.neuron_view:nodes.tacit_knowledge_object', 'NMDL.neuron_view', 'nmdl.nodes.tacit_knowledge_object', true, 2, 2);
INSERT INTO graphics_to_view (id, view, graphic, labeled, h_align, v_align) VALUES ('NMDL.neuron_view:nodes.weight', 'NMDL.neuron_view', 'nmdl.nodes.weight', true, 1, 2);
-- NMDL.Neuron View.edges
INSERT INTO graphics_to_view (id, view, graphic, labeled, h_align, v_align) VALUES ('NMDL.neuron_view:edges.composition', 'NMDL.neuron_view', 'nmdl.edges.composition', false, 2, 2);
INSERT INTO graphics_to_view (id, view, graphic, labeled, h_align, v_align) VALUES ('NMDL.neuron_view:edges.knowledge_flow_axons', 'NMDL.neuron_view', 'nmdl.edges.knowledge_flow_axons', false, 2, 2);
INSERT INTO graphics_to_view (id, view, graphic, labeled, h_align, v_align) VALUES ('NMDL.neuron_view:edges.knowledge_flow_dendrites', 'NMDL.neuron_view', 'nmdl.edges.knowledge_flow_dendrites', false, 2, 2);
INSERT INTO graphics_to_view (id, view, graphic, labeled, h_align, v_align) VALUES ('NMDL.neuron_view:edges.knowledge_flow_pragmatic', 'NMDL.neuron_view', 'nmdl.edges.knowledge_flow_pragmatic', false, 2, 2);
INSERT INTO graphics_to_view (id, view, graphic, labeled, h_align, v_align) VALUES ('NMDL.neuron_view:edges.knowledge_flow_synapses', 'NMDL.neuron_view', 'nmdl.edges.knowledge_flow_synapses', false, 2, 2);
INSERT INTO graphics_to_view (id, view, graphic, labeled, h_align, v_align) VALUES ('NMDL.neuron_view:edges.membership', 'NMDL.neuron_view', 'nmdl.edges.membership', false, 2, 2);

--- NMDL.Neuronal Overview
INSERT INTO view (id, meta_model, name, author, version, global) VALUES ('NMDL.neuronal_overview', 'nmdl', 'Neuronal Overview', 'Marcus Grum', 1, true);
-- NMDL.Neuronal Overview.nodes
INSERT INTO graphics_to_view (id, view, graphic, labeled, h_align, v_align) VALUES ('NMDL.neuronal_overview:nodes.activation', 'NMDL.neuronal_overview', 'nmdl.nodes.activation', true, 2, 2);
INSERT INTO graphics_to_view (id, view, graphic, labeled, h_align, v_align) VALUES ('NMDL.neuronal_overview:nodes.neuron', 'NMDL.neuronal_overview', 'nmdl.nodes.neuron', true, 2, 2);
INSERT INTO graphics_to_view (id, view, graphic, labeled, h_align, v_align) VALUES ('NMDL.neuronal_overview:nodes.system_border', 'NMDL.neuronal_overview', 'nmdl.nodes.system_border', true, 2, 4);
-- NMDL.Neuronal Overview.edges
INSERT INTO graphics_to_view (id, view, graphic, labeled, h_align, v_align) VALUES ('NMDL.neuronal_overview:edges.aggregation', 'NMDL.neuronal_overview', 'nmdl.edges.aggregation', false, 2, 2);
INSERT INTO graphics_to_view (id, view, graphic, labeled, h_align, v_align) VALUES ('NMDL.neuronal_overview:edges.use', 'NMDL.neuronal_overview', 'nmdl.edges.use', false, 2, 2);

--- NMDL.Non-Tang. Res. Overview
INSERT INTO view (id, meta_model, name, author, version, global) VALUES ('NMDL.non-tang._res._overview', 'nmdl', 'Non-Tang. Res. Overview', 'Marcus Grum', 1, true);
-- NMDL.Non-Tang. Res. Overview.nodes
INSERT INTO graphics_to_view (id, view, graphic, labeled, h_align, v_align) VALUES ('NMDL.non-tang._res._overview:nodes.non_tangible_resource_object', 'NMDL.non-tang._res._overview', 'nmdl.nodes.non_tangible_resource_object', true, 2, 2);
INSERT INTO graphics_to_view (id, view, graphic, labeled, h_align, v_align) VALUES ('NMDL.non-tang._res._overview:nodes.system_border', 'NMDL.non-tang._res._overview', 'nmdl.nodes.system_border', true, 2, 4);
-- NMDL.Non-Tang. Res. Overview.edges
INSERT INTO graphics_to_view (id, view, graphic, labeled, h_align, v_align) VALUES ('NMDL.non-tang._res._overview:edges.aggregation', 'NMDL.non-tang._res._overview', 'nmdl.edges.aggregation', false, 2, 2);

--- NMDL.Organization View
INSERT INTO view (id, meta_model, name, author, version, global) VALUES ('NMDL.organization_view', 'nmdl', 'Organization View', 'Marcus Grum', 1, true);
-- NMDL.Organization View.nodes
INSERT INTO graphics_to_view (id, view, graphic, labeled, h_align, v_align) VALUES ('NMDL.organization_view:nodes.and', 'NMDL.organization_view', 'nmdl.nodes.and', false, 2, 2);
INSERT INTO graphics_to_view (id, view, graphic, labeled, h_align, v_align) VALUES ('NMDL.organization_view:nodes.boolean', 'NMDL.organization_view', 'nmdl.nodes.boolean', false, 2, 2);
INSERT INTO graphics_to_view (id, view, graphic, labeled, h_align, v_align) VALUES ('NMDL.organization_view:nodes.cyber_physical_system', 'NMDL.organization_view', 'nmdl.nodes.cyber_physical_system', true, 2, 2);
INSERT INTO graphics_to_view (id, view, graphic, labeled, h_align, v_align) VALUES ('NMDL.organization_view:nodes.data_object', 'NMDL.organization_view', 'nmdl.nodes.data_object', true, 2, 2);
INSERT INTO graphics_to_view (id, view, graphic, labeled, h_align, v_align) VALUES ('NMDL.organization_view:nodes.event', 'NMDL.organization_view', 'nmdl.nodes.event', true, 2, 2);
INSERT INTO graphics_to_view (id, view, graphic, labeled, h_align, v_align) VALUES ('NMDL.organization_view:nodes.information_system', 'NMDL.organization_view', 'nmdl.nodes.information_system', true, 2, 2);
INSERT INTO graphics_to_view (id, view, graphic, labeled, h_align, v_align) VALUES ('NMDL.organization_view:nodes.machine', 'NMDL.organization_view', 'nmdl.nodes.machine', true, 2, 2);
INSERT INTO graphics_to_view (id, view, graphic, labeled, h_align, v_align) VALUES ('NMDL.organization_view:nodes.non_tangible_resource_object', 'NMDL.organization_view', 'nmdl.nodes.non_tangible_resource_object', true, 2, 2);
INSERT INTO graphics_to_view (id, view, graphic, labeled, h_align, v_align) VALUES ('NMDL.organization_view:nodes.not', 'NMDL.organization_view', 'nmdl.nodes.not', false, 2, 2);
INSERT INTO graphics_to_view (id, view, graphic, labeled, h_align, v_align) VALUES ('NMDL.organization_view:nodes.or', 'NMDL.organization_view', 'nmdl.nodes.or', false, 2, 2);
INSERT INTO graphics_to_view (id, view, graphic, labeled, h_align, v_align) VALUES ('NMDL.organization_view:nodes.participant_requirement', 'NMDL.organization_view', 'nmdl.nodes.participant_requirement', true, 2, 2);
INSERT INTO graphics_to_view (id, view, graphic, labeled, h_align, v_align) VALUES ('NMDL.organization_view:nodes.people', 'NMDL.organization_view', 'nmdl.nodes.people', true, 2, 2);
INSERT INTO graphics_to_view (id, view, graphic, labeled, h_align, v_align) VALUES ('NMDL.organization_view:nodes.process', 'NMDL.organization_view', 'nmdl.nodes.process', true, 2, 2);
INSERT INTO graphics_to_view (id, view, graphic, labeled, h_align, v_align) VALUES ('NMDL.organization_view:nodes.process_interface', 'NMDL.organization_view', 'nmdl.nodes.process_interface', true, 2, 2);
INSERT INTO graphics_to_view (id, view, graphic, labeled, h_align, v_align) VALUES ('NMDL.organization_view:nodes.role', 'NMDL.organization_view', 'nmdl.nodes.role', true, 2, 2);
INSERT INTO graphics_to_view (id, view, graphic, labeled, h_align, v_align) VALUES ('NMDL.organization_view:nodes.system_border', 'NMDL.organization_view', 'nmdl.nodes.system_border', true, 2, 4);
INSERT INTO graphics_to_view (id, view, graphic, labeled, h_align, v_align) VALUES ('NMDL.organization_view:nodes.tangible_resource_object', 'NMDL.organization_view', 'nmdl.nodes.tangible_resource_object', true, 2, 2);
INSERT INTO graphics_to_view (id, view, graphic, labeled, h_align, v_align) VALUES ('NMDL.organization_view:nodes.task', 'NMDL.organization_view', 'nmdl.nodes.task', true, 2, 2);
INSERT INTO graphics_to_view (id, view, graphic, labeled, h_align, v_align) VALUES ('NMDL.organization_view:nodes.unit', 'NMDL.organization_view', 'nmdl.nodes.unit', true, 2, 2);
INSERT INTO graphics_to_view (id, view, graphic, labeled, h_align, v_align) VALUES ('NMDL.organization_view:nodes.xor', 'NMDL.organization_view', 'nmdl.nodes.xor', false, 2, 2);
-- NMDL.Organization View.edges
INSERT INTO graphics_to_view (id, view, graphic, labeled, h_align, v_align) VALUES ('NMDL.organization_view:edges.control_flow', 'NMDL.organization_view', 'nmdl.edges.control_flow', false, 2, 2);
INSERT INTO graphics_to_view (id, view, graphic, labeled, h_align, v_align) VALUES ('NMDL.organization_view:edges.data_flow', 'NMDL.organization_view', 'nmdl.edges.data_flow', false, 2, 2);
INSERT INTO graphics_to_view (id, view, graphic, labeled, h_align, v_align) VALUES ('NMDL.organization_view:edges.membership', 'NMDL.organization_view', 'nmdl.edges.membership', false, 2, 2);
INSERT INTO graphics_to_view (id, view, graphic, labeled, h_align, v_align) VALUES ('NMDL.organization_view:edges.non_tangible_resource_flow', 'NMDL.organization_view', 'nmdl.edges.non_tangible_resource_flow', false, 2, 2);
INSERT INTO graphics_to_view (id, view, graphic, labeled, h_align, v_align) VALUES ('NMDL.organization_view:edges.tangible_resource_flow', 'NMDL.organization_view', 'nmdl.edges.tangible_resource_flow', false, 2, 2);

--- NMDL.Organizational Overview
INSERT INTO view (id, meta_model, name, author, version, global) VALUES ('NMDL.organizational_overview', 'nmdl', 'Organizational Overview', 'Marcus Grum', 1, true);
-- NMDL.Organizational Overview.nodes
INSERT INTO graphics_to_view (id, view, graphic, labeled, h_align, v_align) VALUES ('NMDL.organizational_overview:nodes.activation', 'NMDL.organizational_overview', 'nmdl.nodes.activation', true, 2, 2);
INSERT INTO graphics_to_view (id, view, graphic, labeled, h_align, v_align) VALUES ('NMDL.organizational_overview:nodes.cyber_physical_system', 'NMDL.organizational_overview', 'nmdl.nodes.cyber_physical_system', true, 2, 2);
INSERT INTO graphics_to_view (id, view, graphic, labeled, h_align, v_align) VALUES ('NMDL.organizational_overview:nodes.people', 'NMDL.organizational_overview', 'nmdl.nodes.people', true, 2, 2);
INSERT INTO graphics_to_view (id, view, graphic, labeled, h_align, v_align) VALUES ('NMDL.organizational_overview:nodes.role', 'NMDL.organizational_overview', 'nmdl.nodes.role', true, 2, 2);
INSERT INTO graphics_to_view (id, view, graphic, labeled, h_align, v_align) VALUES ('NMDL.organizational_overview:nodes.system_border', 'NMDL.organizational_overview', 'nmdl.nodes.system_border', true, 2, 4);
INSERT INTO graphics_to_view (id, view, graphic, labeled, h_align, v_align) VALUES ('NMDL.organizational_overview:nodes.unit', 'NMDL.organizational_overview', 'nmdl.nodes.unit', true, 2, 2);
-- NMDL.Organizational Overview.edges
INSERT INTO graphics_to_view (id, view, graphic, labeled, h_align, v_align) VALUES ('NMDL.organizational_overview:edges.aggregation', 'NMDL.organizational_overview', 'nmdl.edges.aggregation', false, 2, 2);

--- NMDL.People Overview
INSERT INTO view (id, meta_model, name, author, version, global) VALUES ('NMDL.people_overview', 'nmdl', 'People Overview', 'Marcus Grum', 1, true);
-- NMDL.People Overview.nodes
INSERT INTO graphics_to_view (id, view, graphic, labeled, h_align, v_align) VALUES ('NMDL.people_overview:nodes.people', 'NMDL.people_overview', 'nmdl.nodes.people', true, 2, 2);
INSERT INTO graphics_to_view (id, view, graphic, labeled, h_align, v_align) VALUES ('NMDL.people_overview:nodes.system_border', 'NMDL.people_overview', 'nmdl.nodes.system_border', true, 2, 4);
-- NMDL.People Overview.edges
INSERT INTO graphics_to_view (id, view, graphic, labeled, h_align, v_align) VALUES ('NMDL.people_overview:edges.aggregation', 'NMDL.people_overview', 'nmdl.edges.aggregation', false, 2, 2);

--- NMDL.Process ANN Overview
INSERT INTO view (id, meta_model, name, author, version, global) VALUES ('NMDL.process_ann_overview', 'nmdl', 'Process ANN Overview', 'Marcus Grum', 1, true);
-- NMDL.Process ANN Overview.nodes
INSERT INTO graphics_to_view (id, view, graphic, labeled, h_align, v_align) VALUES ('NMDL.process_ann_overview:nodes.activation', 'NMDL.process_ann_overview', 'nmdl.nodes.activation', true, 2, 2);
INSERT INTO graphics_to_view (id, view, graphic, labeled, h_align, v_align) VALUES ('NMDL.process_ann_overview:nodes.activity', 'NMDL.process_ann_overview', 'nmdl.nodes.activity', true, 2, 2);
INSERT INTO graphics_to_view (id, view, graphic, labeled, h_align, v_align) VALUES ('NMDL.process_ann_overview:nodes.system_border', 'NMDL.process_ann_overview', 'nmdl.nodes.system_border', true, 2, 4);
-- NMDL.Process ANN Overview.edges
INSERT INTO graphics_to_view (id, view, graphic, labeled, h_align, v_align) VALUES ('NMDL.process_ann_overview:edges.aggregation', 'NMDL.process_ann_overview', 'nmdl.edges.aggregation', false, 2, 2);

--- NMDL.Process Overview
INSERT INTO view (id, meta_model, name, author, version, global) VALUES ('NMDL.process_overview', 'nmdl', 'Process Overview', 'Marcus Grum', 1, true);
-- NMDL.Process Overview.nodes
INSERT INTO graphics_to_view (id, view, graphic, labeled, h_align, v_align) VALUES ('NMDL.process_overview:nodes.process', 'NMDL.process_overview', 'nmdl.nodes.process', true, 2, 2);
INSERT INTO graphics_to_view (id, view, graphic, labeled, h_align, v_align) VALUES ('NMDL.process_overview:nodes.system_border', 'NMDL.process_overview', 'nmdl.nodes.system_border', true, 2, 4);
-- NMDL.Process Overview.edges
INSERT INTO graphics_to_view (id, view, graphic, labeled, h_align, v_align) VALUES ('NMDL.process_overview:edges.aggregation', 'NMDL.process_overview', 'nmdl.edges.aggregation', false, 2, 2);

--- NMDL.Process View
INSERT INTO view (id, meta_model, name, author, version, global) VALUES ('NMDL.process_view', 'nmdl', 'Process View', 'Marcus Grum', 1, true);
-- NMDL.Process View.nodes
INSERT INTO graphics_to_view (id, view, graphic, labeled, h_align, v_align) VALUES ('NMDL.process_view:nodes.and', 'NMDL.process_view', 'nmdl.nodes.and', false, 2, 2);
INSERT INTO graphics_to_view (id, view, graphic, labeled, h_align, v_align) VALUES ('NMDL.process_view:nodes.boolean', 'NMDL.process_view', 'nmdl.nodes.boolean', false, 2, 2);
INSERT INTO graphics_to_view (id, view, graphic, labeled, h_align, v_align) VALUES ('NMDL.process_view:nodes.cyber_physical_system', 'NMDL.process_view', 'nmdl.nodes.cyber_physical_system', true, 2, 2);
INSERT INTO graphics_to_view (id, view, graphic, labeled, h_align, v_align) VALUES ('NMDL.process_view:nodes.data_object', 'NMDL.process_view', 'nmdl.nodes.data_object', true, 2, 2);
INSERT INTO graphics_to_view (id, view, graphic, labeled, h_align, v_align) VALUES ('NMDL.process_view:nodes.event', 'NMDL.process_view', 'nmdl.nodes.event', true, 2, 2);
INSERT INTO graphics_to_view (id, view, graphic, labeled, h_align, v_align) VALUES ('NMDL.process_view:nodes.information_system', 'NMDL.process_view', 'nmdl.nodes.information_system', true, 2, 2);
INSERT INTO graphics_to_view (id, view, graphic, labeled, h_align, v_align) VALUES ('NMDL.process_view:nodes.machine', 'NMDL.process_view', 'nmdl.nodes.machine', true, 2, 2);
INSERT INTO graphics_to_view (id, view, graphic, labeled, h_align, v_align) VALUES ('NMDL.process_view:nodes.non_tangible_resource_object', 'NMDL.process_view', 'nmdl.nodes.non_tangible_resource_object', true, 2, 2);
INSERT INTO graphics_to_view (id, view, graphic, labeled, h_align, v_align) VALUES ('NMDL.process_view:nodes.not', 'NMDL.process_view', 'nmdl.nodes.not', false, 2, 2);
INSERT INTO graphics_to_view (id, view, graphic, labeled, h_align, v_align) VALUES ('NMDL.process_view:nodes.or', 'NMDL.process_view', 'nmdl.nodes.or', false, 2, 2);
INSERT INTO graphics_to_view (id, view, graphic, labeled, h_align, v_align) VALUES ('NMDL.process_view:nodes.participant_requirement', 'NMDL.process_view', 'nmdl.nodes.participant_requirement', true, 2, 2);
INSERT INTO graphics_to_view (id, view, graphic, labeled, h_align, v_align) VALUES ('NMDL.process_view:nodes.people', 'NMDL.process_view', 'nmdl.nodes.people', true, 2, 2);
INSERT INTO graphics_to_view (id, view, graphic, labeled, h_align, v_align) VALUES ('NMDL.process_view:nodes.process', 'NMDL.process_view', 'nmdl.nodes.process', true, 2, 2);
INSERT INTO graphics_to_view (id, view, graphic, labeled, h_align, v_align) VALUES ('NMDL.process_view:nodes.process_interface', 'NMDL.process_view', 'nmdl.nodes.process_interface', true, 2, 2);
INSERT INTO graphics_to_view (id, view, graphic, labeled, h_align, v_align) VALUES ('NMDL.process_view:nodes.role', 'NMDL.process_view', 'nmdl.nodes.role', true, 2, 2);
INSERT INTO graphics_to_view (id, view, graphic, labeled, h_align, v_align) VALUES ('NMDL.process_view:nodes.system_border', 'NMDL.process_view', 'nmdl.nodes.system_border', true, 2, 4);
INSERT INTO graphics_to_view (id, view, graphic, labeled, h_align, v_align) VALUES ('NMDL.process_view:nodes.tangible_resource_object', 'NMDL.process_view', 'nmdl.nodes.tangible_resource_object', true, 2, 2);
INSERT INTO graphics_to_view (id, view, graphic, labeled, h_align, v_align) VALUES ('NMDL.process_view:nodes.task', 'NMDL.process_view', 'nmdl.nodes.task', true, 2, 2);
INSERT INTO graphics_to_view (id, view, graphic, labeled, h_align, v_align) VALUES ('NMDL.process_view:nodes.unit', 'NMDL.process_view', 'nmdl.nodes.unit', true, 2, 2);
INSERT INTO graphics_to_view (id, view, graphic, labeled, h_align, v_align) VALUES ('NMDL.process_view:nodes.xor', 'NMDL.process_view', 'nmdl.nodes.xor', false, 2, 2);
-- NMDL.Process View.edges
INSERT INTO graphics_to_view (id, view, graphic, labeled, h_align, v_align) VALUES ('NMDL.process_view:edges.control_flow', 'NMDL.process_view', 'nmdl.edges.control_flow', false, 2, 2);
INSERT INTO graphics_to_view (id, view, graphic, labeled, h_align, v_align) VALUES ('NMDL.process_view:edges.data_flow', 'NMDL.process_view', 'nmdl.edges.data_flow', false, 2, 2);
INSERT INTO graphics_to_view (id, view, graphic, labeled, h_align, v_align) VALUES ('NMDL.process_view:edges.membership', 'NMDL.process_view', 'nmdl.edges.membership', false, 2, 2);
INSERT INTO graphics_to_view (id, view, graphic, labeled, h_align, v_align) VALUES ('NMDL.process_view:edges.non_tangible_resource_flow', 'NMDL.process_view', 'nmdl.edges.non_tangible_resource_flow', false, 2, 2);
INSERT INTO graphics_to_view (id, view, graphic, labeled, h_align, v_align) VALUES ('NMDL.process_view:edges.tangible_resource_flow', 'NMDL.process_view', 'nmdl.edges.tangible_resource_flow', false, 2, 2);

--- NMDL.Role Overview
INSERT INTO view (id, meta_model, name, author, version, global) VALUES ('NMDL.role_overview', 'nmdl', 'Role Overview', 'Marcus Grum', 1, true);
-- NMDL.Role Overview.nodes
INSERT INTO graphics_to_view (id, view, graphic, labeled, h_align, v_align) VALUES ('NMDL.role_overview:nodes.role', 'NMDL.role_overview', 'nmdl.nodes.role', true, 2, 2);
INSERT INTO graphics_to_view (id, view, graphic, labeled, h_align, v_align) VALUES ('NMDL.role_overview:nodes.system_border', 'NMDL.role_overview', 'nmdl.nodes.system_border', true, 2, 4);
-- NMDL.Role Overview.edges
INSERT INTO graphics_to_view (id, view, graphic, labeled, h_align, v_align) VALUES ('NMDL.role_overview:edges.aggregation', 'NMDL.role_overview', 'nmdl.edges.aggregation', false, 2, 2);

--- NMDL.Scenario Overview
INSERT INTO view (id, meta_model, name, author, version, global) VALUES ('NMDL.scenario_overview', 'nmdl', 'Scenario Overview', 'Marcus Grum', 1, true);
-- NMDL.Scenario Overview.nodes
INSERT INTO graphics_to_view (id, view, graphic, labeled, h_align, v_align) VALUES ('NMDL.scenario_overview:nodes.scenario', 'NMDL.scenario_overview', 'nmdl.nodes.scenario', true, 2, 2);
INSERT INTO graphics_to_view (id, view, graphic, labeled, h_align, v_align) VALUES ('NMDL.scenario_overview:nodes.system_border', 'NMDL.scenario_overview', 'nmdl.nodes.system_border', true, 2, 4);
-- NMDL.Scenario Overview.edges
INSERT INTO graphics_to_view (id, view, graphic, labeled, h_align, v_align) VALUES ('NMDL.scenario_overview:edges.aggregation', 'NMDL.scenario_overview', 'nmdl.edges.aggregation', false, 2, 2);

--- NMDL.Scenario View
INSERT INTO view (id, meta_model, name, author, version, global) VALUES ('NMDL.scenario_view', 'nmdl', 'Scenario View', 'Marcus Grum', 1, true);
-- NMDL.Scenario View.nodes
INSERT INTO graphics_to_view (id, view, graphic, labeled, h_align, v_align) VALUES ('NMDL.scenario_view:nodes.and_white', 'NMDL.scenario_view', 'nmdl.nodes.and_white', false, 2, 2);
INSERT INTO graphics_to_view (id, view, graphic, labeled, h_align, v_align) VALUES ('NMDL.scenario_view:nodes.boolean_white', 'NMDL.scenario_view', 'nmdl.nodes.boolean_white', false, 2, 2);
INSERT INTO graphics_to_view (id, view, graphic, labeled, h_align, v_align) VALUES ('NMDL.scenario_view:nodes.cyber_physical_system_white', 'NMDL.scenario_view', 'nmdl.nodes.cyber_physical_system_white', true, 2, 2);
INSERT INTO graphics_to_view (id, view, graphic, labeled, h_align, v_align) VALUES ('NMDL.scenario_view:nodes.data_object_white', 'NMDL.scenario_view', 'nmdl.nodes.data_object_white', true, 2, 2);
INSERT INTO graphics_to_view (id, view, graphic, labeled, h_align, v_align) VALUES ('NMDL.scenario_view:nodes.event_white', 'NMDL.scenario_view', 'nmdl.nodes.event_white', true, 2, 2);
INSERT INTO graphics_to_view (id, view, graphic, labeled, h_align, v_align) VALUES ('NMDL.scenario_view:nodes.information_system_white', 'NMDL.scenario_view', 'nmdl.nodes.information_system_white', true, 2, 2);
INSERT INTO graphics_to_view (id, view, graphic, labeled, h_align, v_align) VALUES ('NMDL.scenario_view:nodes.machine_white', 'NMDL.scenario_view', 'nmdl.nodes.machine_white', true, 2, 2);
INSERT INTO graphics_to_view (id, view, graphic, labeled, h_align, v_align) VALUES ('NMDL.scenario_view:nodes.network_setting', 'NMDL.scenario_view', 'nmdl.nodes.network_setting', true, 2, 2);
INSERT INTO graphics_to_view (id, view, graphic, labeled, h_align, v_align) VALUES ('NMDL.scenario_view:nodes.non_tangible_resource_object_white', 'NMDL.scenario_view', 'nmdl.nodes.non_tangible_resource_object_white', true, 2, 2);
INSERT INTO graphics_to_view (id, view, graphic, labeled, h_align, v_align) VALUES ('NMDL.scenario_view:nodes.not_white', 'NMDL.scenario_view', 'nmdl.nodes.not_white', false, 2, 2);
INSERT INTO graphics_to_view (id, view, graphic, labeled, h_align, v_align) VALUES ('NMDL.scenario_view:nodes.or_white', 'NMDL.scenario_view', 'nmdl.nodes.or_white', false, 2, 2);
INSERT INTO graphics_to_view (id, view, graphic, labeled, h_align, v_align) VALUES ('NMDL.scenario_view:nodes.participant_requirement_white', 'NMDL.scenario_view', 'nmdl.nodes.participant_requirement_white', true, 2, 2);
INSERT INTO graphics_to_view (id, view, graphic, labeled, h_align, v_align) VALUES ('NMDL.scenario_view:nodes.people_white', 'NMDL.scenario_view', 'nmdl.nodes.people_white', true, 2, 2);
INSERT INTO graphics_to_view (id, view, graphic, labeled, h_align, v_align) VALUES ('NMDL.scenario_view:nodes.process_setting', 'NMDL.scenario_view', 'nmdl.nodes.process_setting', true, 2, 2);
INSERT INTO graphics_to_view (id, view, graphic, labeled, h_align, v_align) VALUES ('NMDL.scenario_view:nodes.role_white', 'NMDL.scenario_view', 'nmdl.nodes.role_white', true, 2, 2);
INSERT INTO graphics_to_view (id, view, graphic, labeled, h_align, v_align) VALUES ('NMDL.scenario_view:nodes.scenario_interface', 'NMDL.scenario_view', 'nmdl.nodes.scenario_interface', true, 2, 2);
INSERT INTO graphics_to_view (id, view, graphic, labeled, h_align, v_align) VALUES ('NMDL.scenario_view:nodes.system_border', 'NMDL.scenario_view', 'nmdl.nodes.system_border', true, 2, 4);
INSERT INTO graphics_to_view (id, view, graphic, labeled, h_align, v_align) VALUES ('NMDL.scenario_view:nodes.tangible_resource_object_white', 'NMDL.scenario_view', 'nmdl.nodes.tangible_resource_object_white', true, 2, 2);
INSERT INTO graphics_to_view (id, view, graphic, labeled, h_align, v_align) VALUES ('NMDL.scenario_view:nodes.unit_white', 'NMDL.scenario_view', 'nmdl.nodes.unit_white', true, 2, 2);
INSERT INTO graphics_to_view (id, view, graphic, labeled, h_align, v_align) VALUES ('NMDL.scenario_view:nodes.xor_white', 'NMDL.scenario_view', 'nmdl.nodes.xor_white', false, 2, 2);
-- NMDL.Scenario View.edges
INSERT INTO graphics_to_view (id, view, graphic, labeled, h_align, v_align) VALUES ('NMDL.scenario_view:edges.control_flow', 'NMDL.scenario_view', 'nmdl.edges.control_flow', false, 2, 2);
INSERT INTO graphics_to_view (id, view, graphic, labeled, h_align, v_align) VALUES ('NMDL.scenario_view:edges.data_flow', 'NMDL.scenario_view', 'nmdl.edges.data_flow', false, 2, 2);
INSERT INTO graphics_to_view (id, view, graphic, labeled, h_align, v_align) VALUES ('NMDL.scenario_view:edges.membership', 'NMDL.scenario_view', 'nmdl.edges.membership', false, 2, 2);
INSERT INTO graphics_to_view (id, view, graphic, labeled, h_align, v_align) VALUES ('NMDL.scenario_view:edges.non_tangible_resource_flow', 'NMDL.scenario_view', 'nmdl.edges.non_tangible_resource_flow', false, 2, 2);
INSERT INTO graphics_to_view (id, view, graphic, labeled, h_align, v_align) VALUES ('NMDL.scenario_view:edges.tangible_resource_flow', 'NMDL.scenario_view', 'nmdl.edges.tangible_resource_flow', false, 2, 2);

--- NMDL.Set View
INSERT INTO view (id, meta_model, name, author, version, global) VALUES ('NMDL.set_view', 'nmdl', 'Set View', 'Marcus Grum', 1, true);
-- NMDL.Set View.nodes
INSERT INTO graphics_to_view (id, view, graphic, labeled, h_align, v_align) VALUES ('NMDL.set_view:nodes.cyber_physical_system', 'NMDL.set_view', 'nmdl.nodes.cyber_physical_system', true, 2, 2);
INSERT INTO graphics_to_view (id, view, graphic, labeled, h_align, v_align) VALUES ('NMDL.set_view:nodes.data_object', 'NMDL.set_view', 'nmdl.nodes.data_object', true, 2, 2);
INSERT INTO graphics_to_view (id, view, graphic, labeled, h_align, v_align) VALUES ('NMDL.set_view:nodes.explicit_knowledge_object', 'NMDL.set_view', 'nmdl.nodes.explicit_knowledge_object', true, 2, 2);
INSERT INTO graphics_to_view (id, view, graphic, labeled, h_align, v_align) VALUES ('NMDL.set_view:nodes.information_system', 'NMDL.set_view', 'nmdl.nodes.information_system', true, 2, 2);
INSERT INTO graphics_to_view (id, view, graphic, labeled, h_align, v_align) VALUES ('NMDL.set_view:nodes.machine', 'NMDL.set_view', 'nmdl.nodes.machine', true, 2, 2);
INSERT INTO graphics_to_view (id, view, graphic, labeled, h_align, v_align) VALUES ('NMDL.set_view:nodes.mixed_knowledge_object', 'NMDL.set_view', 'nmdl.nodes.mixed_knowledge_object', true, 2, 2);
INSERT INTO graphics_to_view (id, view, graphic, labeled, h_align, v_align) VALUES ('NMDL.set_view:nodes.moment_border', 'NMDL.set_view', 'nmdl.nodes.moment_border', true, 2, 4);
INSERT INTO graphics_to_view (id, view, graphic, labeled, h_align, v_align) VALUES ('NMDL.set_view:nodes.neuron', 'NMDL.set_view', 'nmdl.nodes.neuron', true, 2, 2);
INSERT INTO graphics_to_view (id, view, graphic, labeled, h_align, v_align) VALUES ('NMDL.set_view:nodes.non_tangible_resource_object', 'NMDL.set_view', 'nmdl.nodes.non_tangible_resource_object', true, 2, 2);
INSERT INTO graphics_to_view (id, view, graphic, labeled, h_align, v_align) VALUES ('NMDL.set_view:nodes.people', 'NMDL.set_view', 'nmdl.nodes.people', true, 2, 2);
INSERT INTO graphics_to_view (id, view, graphic, labeled, h_align, v_align) VALUES ('NMDL.set_view:nodes.sequence_border', 'NMDL.set_view', 'nmdl.nodes.sequence_border', true, 2, 4);
INSERT INTO graphics_to_view (id, view, graphic, labeled, h_align, v_align) VALUES ('NMDL.set_view:nodes.system_border', 'NMDL.set_view', 'nmdl.nodes.system_border', true, 2, 4);
INSERT INTO graphics_to_view (id, view, graphic, labeled, h_align, v_align) VALUES ('NMDL.set_view:nodes.tacit_knowledge_object', 'NMDL.set_view', 'nmdl.nodes.tacit_knowledge_object', true, 2, 2);
INSERT INTO graphics_to_view (id, view, graphic, labeled, h_align, v_align) VALUES ('NMDL.set_view:nodes.tangible_resource_object', 'NMDL.set_view', 'nmdl.nodes.tangible_resource_object', true, 2, 2);
-- NMDL.Set View.edges
INSERT INTO graphics_to_view (id, view, graphic, labeled, h_align, v_align) VALUES ('NMDL.set_view:edges.membership', 'NMDL.set_view', 'nmdl.edges.membership', false, 2, 2);

--- NMDL.Simulation Overview
INSERT INTO view (id, meta_model, name, author, version, global) VALUES ('NMDL.simulation_overview', 'nmdl', 'Simulation Overview', 'Marcus Grum', 1, true);
-- NMDL.Simulation Overview.nodes
INSERT INTO graphics_to_view (id, view, graphic, labeled, h_align, v_align) VALUES ('NMDL.simulation_overview:nodes.network', 'NMDL.simulation_overview', 'nmdl.nodes.network', true, 2, 2);
INSERT INTO graphics_to_view (id, view, graphic, labeled, h_align, v_align) VALUES ('NMDL.simulation_overview:nodes.scenario', 'NMDL.simulation_overview', 'nmdl.nodes.scenario', true, 2, 2);
INSERT INTO graphics_to_view (id, view, graphic, labeled, h_align, v_align) VALUES ('NMDL.simulation_overview:nodes.system_border', 'NMDL.simulation_overview', 'nmdl.nodes.system_border', true, 2, 4);
-- NMDL.Simulation Overview.edges
INSERT INTO graphics_to_view (id, view, graphic, labeled, h_align, v_align) VALUES ('NMDL.simulation_overview:edges.aggregation', 'NMDL.simulation_overview', 'nmdl.edges.aggregation', false, 2, 2);
INSERT INTO graphics_to_view (id, view, graphic, labeled, h_align, v_align) VALUES ('NMDL.simulation_overview:edges.use', 'NMDL.simulation_overview', 'nmdl.edges.use', false, 2, 2);

--- NMDL.Tang. Res. Overview
INSERT INTO view (id, meta_model, name, author, version, global) VALUES ('NMDL.tang._res._overview', 'nmdl', 'Tang. Res. Overview', 'Marcus Grum', 1, true);
-- NMDL.Tang. Res. Overview.nodes
INSERT INTO graphics_to_view (id, view, graphic, labeled, h_align, v_align) VALUES ('NMDL.tang._res._overview:nodes.system_border', 'NMDL.tang._res._overview', 'nmdl.nodes.system_border', true, 2, 4);
INSERT INTO graphics_to_view (id, view, graphic, labeled, h_align, v_align) VALUES ('NMDL.tang._res._overview:nodes.tangible_resource_object', 'NMDL.tang._res._overview', 'nmdl.nodes.tangible_resource_object', true, 2, 2);
-- NMDL.Tang. Res. Overview.edges
INSERT INTO graphics_to_view (id, view, graphic, labeled, h_align, v_align) VALUES ('NMDL.tang._res._overview:edges.aggregation', 'NMDL.tang._res._overview', 'nmdl.edges.aggregation', false, 2, 2);

--- NMDL.Task Overview
INSERT INTO view (id, meta_model, name, author, version, global) VALUES ('NMDL.task_overview', 'nmdl', 'Task Overview', 'Marcus Grum', 1, true);
-- NMDL.Task Overview.nodes
INSERT INTO graphics_to_view (id, view, graphic, labeled, h_align, v_align) VALUES ('NMDL.task_overview:nodes.system_border', 'NMDL.task_overview', 'nmdl.nodes.system_border', true, 2, 4);
INSERT INTO graphics_to_view (id, view, graphic, labeled, h_align, v_align) VALUES ('NMDL.task_overview:nodes.task', 'NMDL.task_overview', 'nmdl.nodes.task', true, 2, 2);
-- NMDL.Task Overview.edges
INSERT INTO graphics_to_view (id, view, graphic, labeled, h_align, v_align) VALUES ('NMDL.task_overview:edges.aggregation', 'NMDL.task_overview', 'nmdl.edges.aggregation', false, 2, 2);

--- NMDL.Unit Overview
INSERT INTO view (id, meta_model, name, author, version, global) VALUES ('NMDL.unit_overview', 'nmdl', 'Unit Overview', 'Marcus Grum', 1, true);
-- NMDL.Unit Overview.nodes
INSERT INTO graphics_to_view (id, view, graphic, labeled, h_align, v_align) VALUES ('NMDL.unit_overview:nodes.system_border', 'NMDL.unit_overview', 'nmdl.nodes.system_border', true, 2, 4);
INSERT INTO graphics_to_view (id, view, graphic, labeled, h_align, v_align) VALUES ('NMDL.unit_overview:nodes.unit', 'NMDL.unit_overview', 'nmdl.nodes.unit', true, 2, 2);
-- NMDL.Unit Overview.edges
INSERT INTO graphics_to_view (id, view, graphic, labeled, h_align, v_align) VALUES ('NMDL.unit_overview:edges.aggregation', 'NMDL.unit_overview', 'nmdl.edges.aggregation', false, 2, 2);

